Areas,Age,Cases,Year,Disease
Total,Total,0,2013,Measles c Complication
Central Region,Total,0,2013,Measles c Complication
Zone:0,Total,0,2013,Measles c Complication
Bangkok,Total,0,2013,Measles c Complication
Zone:1,Total,0,2013,Measles c Complication
Nonthaburi,Total,0,2013,Measles c Complication
P.Nakhon S.Ayutthaya,Total,0,2013,Measles c Complication
Pathum Thani,Total,0,2013,Measles c Complication
Saraburi,Total,0,2013,Measles c Complication
Zone:2,Total,0,2013,Measles c Complication
Ang Thong,Total,0,2013,Measles c Complication
Chai Nat,Total,0,2013,Measles c Complication
Lop Buri,Total,0,2013,Measles c Complication
Sing Buri,Total,0,2013,Measles c Complication
Zone:3,Total,0,2013,Measles c Complication
Chachoengsao,Total,0,2013,Measles c Complication
Nakhon Nayok,Total,0,2013,Measles c Complication
Prachin Buri,Total,0,2013,Measles c Complication
Sa Kaeo,Total,0,2013,Measles c Complication
Samut Prakan,Total,0,2013,Measles c Complication
Zone:4,Total,0,2013,Measles c Complication
Kanchanaburi,Total,0,2013,Measles c Complication
Nakhon Pathom,Total,0,2013,Measles c Complication
Ratchaburi,Total,0,2013,Measles c Complication
Suphan Buri,Total,0,2013,Measles c Complication
Zone:5,Total,0,2013,Measles c Complication
Phetchaburi,Total,0,2013,Measles c Complication
Prachuap Khiri Khan,Total,0,2013,Measles c Complication
Samut Sakhon,Total,0,2013,Measles c Complication
Samut Songkhram,Total,0,2013,Measles c Complication
Zone:9,Total,0,2013,Measles c Complication
Chanthaburi,Total,0,2013,Measles c Complication
Chon Buri,Total,0,2013,Measles c Complication
Rayong,Total,0,2013,Measles c Complication
Trat,Total,0,2013,Measles c Complication
South Region,Total,0,2013,Measles c Complication
Zone:6,Total,0,2013,Measles c Complication
Chumphon,Total,0,2013,Measles c Complication
Nakhon Si Thammarat,Total,0,2013,Measles c Complication
Phatthalung,Total,0,2013,Measles c Complication
Surat Thani,Total,0,2013,Measles c Complication
Zone:7,Total,0,2013,Measles c Complication
Krabi,Total,0,2013,Measles c Complication
Phangnga,Total,0,2013,Measles c Complication
Phuket,Total,0,2013,Measles c Complication
Ranong,Total,0,2013,Measles c Complication
Trang,Total,0,2013,Measles c Complication
Zone:8,Total,0,2013,Measles c Complication
Narathiwat,Total,0,2013,Measles c Complication
Pattani,Total,0,2013,Measles c Complication
Satun,Total,0,2013,Measles c Complication
Songkhla,Total,0,2013,Measles c Complication
Reported deaths by province and by age group : Thailand 2556(2013),Total,Measles c Complication,2013,Measles c Complication
Reporting Areas,Total,Total,2013,Measles c Complication
Yala,Total,0,2013,Measles c Complication
North-Eastern Region,Total,0,2013,Measles c Complication
Zone:10,Total,0,2013,Measles c Complication
Bungkan,Total,0,2013,Measles c Complication
Loei,Total,0,2013,Measles c Complication
Nong Bua Lam Phu,Total,0,2013,Measles c Complication
Nong Khai,Total,0,2013,Measles c Complication
Udon Thani,Total,0,2013,Measles c Complication
Zone:11,Total,0,2013,Measles c Complication
Mukdahan,Total,0,2013,Measles c Complication
Nakhon Phanom,Total,0,2013,Measles c Complication
Sakon Nakhon,Total,0,2013,Measles c Complication
Zone:12,Total,0,2013,Measles c Complication
Kalasin,Total,0,2013,Measles c Complication
Khon Kaen,Total,0,2013,Measles c Complication
Maha Sarakham,Total,0,2013,Measles c Complication
Roi Et,Total,0,2013,Measles c Complication
Zone:13,Total,0,2013,Measles c Complication
Amnat Charoen,Total,0,2013,Measles c Complication
Si Sa Ket,Total,0,2013,Measles c Complication
Ubon Ratchathani,Total,0,2013,Measles c Complication
Yasothon,Total,0,2013,Measles c Complication
Zone:14,Total,0,2013,Measles c Complication
Buri Ram,Total,0,2013,Measles c Complication
Chaiyaphum,Total,0,2013,Measles c Complication
Nakhon Ratchasima,Total,0,2013,Measles c Complication
Surin,Total,0,2013,Measles c Complication
North Region,Total,0,2013,Measles c Complication
Zone:15,Total,0,2013,Measles c Complication
Chiang Mai,Total,0,2013,Measles c Complication
Lampang,Total,0,2013,Measles c Complication
Lamphun,Total,0,2013,Measles c Complication
Mae Hong Son,Total,0,2013,Measles c Complication
Zone:16,Total,0,2013,Measles c Complication
Chiang Rai,Total,0,2013,Measles c Complication
Nan,Total,0,2013,Measles c Complication
Phayao,Total,0,2013,Measles c Complication
Phrae,Total,0,2013,Measles c Complication
Zone:17,Total,0,2013,Measles c Complication
Phetchabun,Total,0,2013,Measles c Complication
Phitsanulok,Total,0,2013,Measles c Complication
Sukhothai,Total,0,2013,Measles c Complication
Tak,Total,0,2013,Measles c Complication
Uttaradit,Total,0,2013,Measles c Complication
Zone:18,Total,0,2013,Measles c Complication
Kamphaeng Phet,Total,0,2013,Measles c Complication
Nakhon Sawan,Total,0,2013,Measles c Complication
Phichit,Total,0,2013,Measles c Complication
Uthai Thani,Total,0,2013,Measles c Complication
Total,0,0,2013,Measles c Complication
Central Region,0,0,2013,Measles c Complication
Zone:0,0,0,2013,Measles c Complication
Bangkok,0,0,2013,Measles c Complication
Zone:1,0,0,2013,Measles c Complication
Nonthaburi,0,0,2013,Measles c Complication
P.Nakhon S.Ayutthaya,0,0,2013,Measles c Complication
Pathum Thani,0,0,2013,Measles c Complication
Saraburi,0,0,2013,Measles c Complication
Zone:2,0,0,2013,Measles c Complication
Ang Thong,0,0,2013,Measles c Complication
Chai Nat,0,0,2013,Measles c Complication
Lop Buri,0,0,2013,Measles c Complication
Sing Buri,0,0,2013,Measles c Complication
Zone:3,0,0,2013,Measles c Complication
Chachoengsao,0,0,2013,Measles c Complication
Nakhon Nayok,0,0,2013,Measles c Complication
Prachin Buri,0,0,2013,Measles c Complication
Sa Kaeo,0,0,2013,Measles c Complication
Samut Prakan,0,0,2013,Measles c Complication
Zone:4,0,0,2013,Measles c Complication
Kanchanaburi,0,0,2013,Measles c Complication
Nakhon Pathom,0,0,2013,Measles c Complication
Ratchaburi,0,0,2013,Measles c Complication
Suphan Buri,0,0,2013,Measles c Complication
Zone:5,0,0,2013,Measles c Complication
Phetchaburi,0,0,2013,Measles c Complication
Prachuap Khiri Khan,0,0,2013,Measles c Complication
Samut Sakhon,0,0,2013,Measles c Complication
Samut Songkhram,0,0,2013,Measles c Complication
Zone:9,0,0,2013,Measles c Complication
Chanthaburi,0,0,2013,Measles c Complication
Chon Buri,0,0,2013,Measles c Complication
Rayong,0,0,2013,Measles c Complication
Trat,0,0,2013,Measles c Complication
South Region,0,0,2013,Measles c Complication
Zone:6,0,0,2013,Measles c Complication
Chumphon,0,0,2013,Measles c Complication
Nakhon Si Thammarat,0,0,2013,Measles c Complication
Phatthalung,0,0,2013,Measles c Complication
Surat Thani,0,0,2013,Measles c Complication
Zone:7,0,0,2013,Measles c Complication
Krabi,0,0,2013,Measles c Complication
Phangnga,0,0,2013,Measles c Complication
Phuket,0,0,2013,Measles c Complication
Ranong,0,0,2013,Measles c Complication
Trang,0,0,2013,Measles c Complication
Zone:8,0,0,2013,Measles c Complication
Narathiwat,0,0,2013,Measles c Complication
Pattani,0,0,2013,Measles c Complication
Satun,0,0,2013,Measles c Complication
Songkhla,0,0,2013,Measles c Complication
Reported deaths by province and by age group : Thailand 2556(2013),0,รหัส,2013,Measles c Complication
Reporting Areas,0,<28วัน,2013,Measles c Complication
Yala,0,0,2013,Measles c Complication
North-Eastern Region,0,0,2013,Measles c Complication
Zone:10,0,0,2013,Measles c Complication
Bungkan,0,0,2013,Measles c Complication
Loei,0,0,2013,Measles c Complication
Nong Bua Lam Phu,0,0,2013,Measles c Complication
Nong Khai,0,0,2013,Measles c Complication
Udon Thani,0,0,2013,Measles c Complication
Zone:11,0,0,2013,Measles c Complication
Mukdahan,0,0,2013,Measles c Complication
Nakhon Phanom,0,0,2013,Measles c Complication
Sakon Nakhon,0,0,2013,Measles c Complication
Zone:12,0,0,2013,Measles c Complication
Kalasin,0,0,2013,Measles c Complication
Khon Kaen,0,0,2013,Measles c Complication
Maha Sarakham,0,0,2013,Measles c Complication
Roi Et,0,0,2013,Measles c Complication
Zone:13,0,0,2013,Measles c Complication
Amnat Charoen,0,0,2013,Measles c Complication
Si Sa Ket,0,0,2013,Measles c Complication
Ubon Ratchathani,0,0,2013,Measles c Complication
Yasothon,0,0,2013,Measles c Complication
Zone:14,0,0,2013,Measles c Complication
Buri Ram,0,0,2013,Measles c Complication
Chaiyaphum,0,0,2013,Measles c Complication
Nakhon Ratchasima,0,0,2013,Measles c Complication
Surin,0,0,2013,Measles c Complication
North Region,0,0,2013,Measles c Complication
Zone:15,0,0,2013,Measles c Complication
Chiang Mai,0,0,2013,Measles c Complication
Lampang,0,0,2013,Measles c Complication
Lamphun,0,0,2013,Measles c Complication
Mae Hong Son,0,0,2013,Measles c Complication
Zone:16,0,0,2013,Measles c Complication
Chiang Rai,0,0,2013,Measles c Complication
Nan,0,0,2013,Measles c Complication
Phayao,0,0,2013,Measles c Complication
Phrae,0,0,2013,Measles c Complication
Zone:17,0,0,2013,Measles c Complication
Phetchabun,0,0,2013,Measles c Complication
Phitsanulok,0,0,2013,Measles c Complication
Sukhothai,0,0,2013,Measles c Complication
Tak,0,0,2013,Measles c Complication
Uttaradit,0,0,2013,Measles c Complication
Zone:18,0,0,2013,Measles c Complication
Kamphaeng Phet,0,0,2013,Measles c Complication
Nakhon Sawan,0,0,2013,Measles c Complication
Phichit,0,0,2013,Measles c Complication
Uthai Thani,0,0,2013,Measles c Complication
Total,<1,0,2013,Measles c Complication
Central Region,<1,0,2013,Measles c Complication
Zone:0,<1,0,2013,Measles c Complication
Bangkok,<1,0,2013,Measles c Complication
Zone:1,<1,0,2013,Measles c Complication
Nonthaburi,<1,0,2013,Measles c Complication
P.Nakhon S.Ayutthaya,<1,0,2013,Measles c Complication
Pathum Thani,<1,0,2013,Measles c Complication
Saraburi,<1,0,2013,Measles c Complication
Zone:2,<1,0,2013,Measles c Complication
Ang Thong,<1,0,2013,Measles c Complication
Chai Nat,<1,0,2013,Measles c Complication
Lop Buri,<1,0,2013,Measles c Complication
Sing Buri,<1,0,2013,Measles c Complication
Zone:3,<1,0,2013,Measles c Complication
Chachoengsao,<1,0,2013,Measles c Complication
Nakhon Nayok,<1,0,2013,Measles c Complication
Prachin Buri,<1,0,2013,Measles c Complication
Sa Kaeo,<1,0,2013,Measles c Complication
Samut Prakan,<1,0,2013,Measles c Complication
Zone:4,<1,0,2013,Measles c Complication
Kanchanaburi,<1,0,2013,Measles c Complication
Nakhon Pathom,<1,0,2013,Measles c Complication
Ratchaburi,<1,0,2013,Measles c Complication
Suphan Buri,<1,0,2013,Measles c Complication
Zone:5,<1,0,2013,Measles c Complication
Phetchaburi,<1,0,2013,Measles c Complication
Prachuap Khiri Khan,<1,0,2013,Measles c Complication
Samut Sakhon,<1,0,2013,Measles c Complication
Samut Songkhram,<1,0,2013,Measles c Complication
Zone:9,<1,0,2013,Measles c Complication
Chanthaburi,<1,0,2013,Measles c Complication
Chon Buri,<1,0,2013,Measles c Complication
Rayong,<1,0,2013,Measles c Complication
Trat,<1,0,2013,Measles c Complication
South Region,<1,0,2013,Measles c Complication
Zone:6,<1,0,2013,Measles c Complication
Chumphon,<1,0,2013,Measles c Complication
Nakhon Si Thammarat,<1,0,2013,Measles c Complication
Phatthalung,<1,0,2013,Measles c Complication
Surat Thani,<1,0,2013,Measles c Complication
Zone:7,<1,0,2013,Measles c Complication
Krabi,<1,0,2013,Measles c Complication
Phangnga,<1,0,2013,Measles c Complication
Phuket,<1,0,2013,Measles c Complication
Ranong,<1,0,2013,Measles c Complication
Trang,<1,0,2013,Measles c Complication
Zone:8,<1,0,2013,Measles c Complication
Narathiwat,<1,0,2013,Measles c Complication
Pattani,<1,0,2013,Measles c Complication
Satun,<1,0,2013,Measles c Complication
Songkhla,<1,0,2013,Measles c Complication
Reported deaths by province and by age group : Thailand 2556(2013),<1,22,2013,Measles c Complication
Reporting Areas,<1,<1,2013,Measles c Complication
Yala,<1,0,2013,Measles c Complication
North-Eastern Region,<1,0,2013,Measles c Complication
Zone:10,<1,0,2013,Measles c Complication
Bungkan,<1,0,2013,Measles c Complication
Loei,<1,0,2013,Measles c Complication
Nong Bua Lam Phu,<1,0,2013,Measles c Complication
Nong Khai,<1,0,2013,Measles c Complication
Udon Thani,<1,0,2013,Measles c Complication
Zone:11,<1,0,2013,Measles c Complication
Mukdahan,<1,0,2013,Measles c Complication
Nakhon Phanom,<1,0,2013,Measles c Complication
Sakon Nakhon,<1,0,2013,Measles c Complication
Zone:12,<1,0,2013,Measles c Complication
Kalasin,<1,0,2013,Measles c Complication
Khon Kaen,<1,0,2013,Measles c Complication
Maha Sarakham,<1,0,2013,Measles c Complication
Roi Et,<1,0,2013,Measles c Complication
Zone:13,<1,0,2013,Measles c Complication
Amnat Charoen,<1,0,2013,Measles c Complication
Si Sa Ket,<1,0,2013,Measles c Complication
Ubon Ratchathani,<1,0,2013,Measles c Complication
Yasothon,<1,0,2013,Measles c Complication
Zone:14,<1,0,2013,Measles c Complication
Buri Ram,<1,0,2013,Measles c Complication
Chaiyaphum,<1,0,2013,Measles c Complication
Nakhon Ratchasima,<1,0,2013,Measles c Complication
Surin,<1,0,2013,Measles c Complication
North Region,<1,0,2013,Measles c Complication
Zone:15,<1,0,2013,Measles c Complication
Chiang Mai,<1,0,2013,Measles c Complication
Lampang,<1,0,2013,Measles c Complication
Lamphun,<1,0,2013,Measles c Complication
Mae Hong Son,<1,0,2013,Measles c Complication
Zone:16,<1,0,2013,Measles c Complication
Chiang Rai,<1,0,2013,Measles c Complication
Nan,<1,0,2013,Measles c Complication
Phayao,<1,0,2013,Measles c Complication
Phrae,<1,0,2013,Measles c Complication
Zone:17,<1,0,2013,Measles c Complication
Phetchabun,<1,0,2013,Measles c Complication
Phitsanulok,<1,0,2013,Measles c Complication
Sukhothai,<1,0,2013,Measles c Complication
Tak,<1,0,2013,Measles c Complication
Uttaradit,<1,0,2013,Measles c Complication
Zone:18,<1,0,2013,Measles c Complication
Kamphaeng Phet,<1,0,2013,Measles c Complication
Nakhon Sawan,<1,0,2013,Measles c Complication
Phichit,<1,0,2013,Measles c Complication
Uthai Thani,<1,0,2013,Measles c Complication
Total,1-1,0,2013,Measles c Complication
Central Region,1-1,0,2013,Measles c Complication
Zone:0,1-1,0,2013,Measles c Complication
Bangkok,1-1,0,2013,Measles c Complication
Zone:1,1-1,0,2013,Measles c Complication
Nonthaburi,1-1,0,2013,Measles c Complication
P.Nakhon S.Ayutthaya,1-1,0,2013,Measles c Complication
Pathum Thani,1-1,0,2013,Measles c Complication
Saraburi,1-1,0,2013,Measles c Complication
Zone:2,1-1,0,2013,Measles c Complication
Ang Thong,1-1,0,2013,Measles c Complication
Chai Nat,1-1,0,2013,Measles c Complication
Lop Buri,1-1,0,2013,Measles c Complication
Sing Buri,1-1,0,2013,Measles c Complication
Zone:3,1-1,0,2013,Measles c Complication
Chachoengsao,1-1,0,2013,Measles c Complication
Nakhon Nayok,1-1,0,2013,Measles c Complication
Prachin Buri,1-1,0,2013,Measles c Complication
Sa Kaeo,1-1,0,2013,Measles c Complication
Samut Prakan,1-1,0,2013,Measles c Complication
Zone:4,1-1,0,2013,Measles c Complication
Kanchanaburi,1-1,0,2013,Measles c Complication
Nakhon Pathom,1-1,0,2013,Measles c Complication
Ratchaburi,1-1,0,2013,Measles c Complication
Suphan Buri,1-1,0,2013,Measles c Complication
Zone:5,1-1,0,2013,Measles c Complication
Phetchaburi,1-1,0,2013,Measles c Complication
Prachuap Khiri Khan,1-1,0,2013,Measles c Complication
Samut Sakhon,1-1,0,2013,Measles c Complication
Samut Songkhram,1-1,0,2013,Measles c Complication
Zone:9,1-1,0,2013,Measles c Complication
Chanthaburi,1-1,0,2013,Measles c Complication
Chon Buri,1-1,0,2013,Measles c Complication
Rayong,1-1,0,2013,Measles c Complication
Trat,1-1,0,2013,Measles c Complication
South Region,1-1,0,2013,Measles c Complication
Zone:6,1-1,0,2013,Measles c Complication
Chumphon,1-1,0,2013,Measles c Complication
Nakhon Si Thammarat,1-1,0,2013,Measles c Complication
Phatthalung,1-1,0,2013,Measles c Complication
Surat Thani,1-1,0,2013,Measles c Complication
Zone:7,1-1,0,2013,Measles c Complication
Krabi,1-1,0,2013,Measles c Complication
Phangnga,1-1,0,2013,Measles c Complication
Phuket,1-1,0,2013,Measles c Complication
Ranong,1-1,0,2013,Measles c Complication
Trang,1-1,0,2013,Measles c Complication
Zone:8,1-1,0,2013,Measles c Complication
Narathiwat,1-1,0,2013,Measles c Complication
Pattani,1-1,0,2013,Measles c Complication
Satun,1-1,0,2013,Measles c Complication
Songkhla,1-1,0,2013,Measles c Complication
Reported deaths by province and by age group : Thailand 2556(2013),1-1,,2013,Measles c Complication
Reporting Areas,1-1,1+,2013,Measles c Complication
Yala,1-1,0,2013,Measles c Complication
North-Eastern Region,1-1,0,2013,Measles c Complication
Zone:10,1-1,0,2013,Measles c Complication
Bungkan,1-1,0,2013,Measles c Complication
Loei,1-1,0,2013,Measles c Complication
Nong Bua Lam Phu,1-1,0,2013,Measles c Complication
Nong Khai,1-1,0,2013,Measles c Complication
Udon Thani,1-1,0,2013,Measles c Complication
Zone:11,1-1,0,2013,Measles c Complication
Mukdahan,1-1,0,2013,Measles c Complication
Nakhon Phanom,1-1,0,2013,Measles c Complication
Sakon Nakhon,1-1,0,2013,Measles c Complication
Zone:12,1-1,0,2013,Measles c Complication
Kalasin,1-1,0,2013,Measles c Complication
Khon Kaen,1-1,0,2013,Measles c Complication
Maha Sarakham,1-1,0,2013,Measles c Complication
Roi Et,1-1,0,2013,Measles c Complication
Zone:13,1-1,0,2013,Measles c Complication
Amnat Charoen,1-1,0,2013,Measles c Complication
Si Sa Ket,1-1,0,2013,Measles c Complication
Ubon Ratchathani,1-1,0,2013,Measles c Complication
Yasothon,1-1,0,2013,Measles c Complication
Zone:14,1-1,0,2013,Measles c Complication
Buri Ram,1-1,0,2013,Measles c Complication
Chaiyaphum,1-1,0,2013,Measles c Complication
Nakhon Ratchasima,1-1,0,2013,Measles c Complication
Surin,1-1,0,2013,Measles c Complication
North Region,1-1,0,2013,Measles c Complication
Zone:15,1-1,0,2013,Measles c Complication
Chiang Mai,1-1,0,2013,Measles c Complication
Lampang,1-1,0,2013,Measles c Complication
Lamphun,1-1,0,2013,Measles c Complication
Mae Hong Son,1-1,0,2013,Measles c Complication
Zone:16,1-1,0,2013,Measles c Complication
Chiang Rai,1-1,0,2013,Measles c Complication
Nan,1-1,0,2013,Measles c Complication
Phayao,1-1,0,2013,Measles c Complication
Phrae,1-1,0,2013,Measles c Complication
Zone:17,1-1,0,2013,Measles c Complication
Phetchabun,1-1,0,2013,Measles c Complication
Phitsanulok,1-1,0,2013,Measles c Complication
Sukhothai,1-1,0,2013,Measles c Complication
Tak,1-1,0,2013,Measles c Complication
Uttaradit,1-1,0,2013,Measles c Complication
Zone:18,1-1,0,2013,Measles c Complication
Kamphaeng Phet,1-1,0,2013,Measles c Complication
Nakhon Sawan,1-1,0,2013,Measles c Complication
Phichit,1-1,0,2013,Measles c Complication
Uthai Thani,1-1,0,2013,Measles c Complication
Total,2-2,0,2013,Measles c Complication
Central Region,2-2,0,2013,Measles c Complication
Zone:0,2-2,0,2013,Measles c Complication
Bangkok,2-2,0,2013,Measles c Complication
Zone:1,2-2,0,2013,Measles c Complication
Nonthaburi,2-2,0,2013,Measles c Complication
P.Nakhon S.Ayutthaya,2-2,0,2013,Measles c Complication
Pathum Thani,2-2,0,2013,Measles c Complication
Saraburi,2-2,0,2013,Measles c Complication
Zone:2,2-2,0,2013,Measles c Complication
Ang Thong,2-2,0,2013,Measles c Complication
Chai Nat,2-2,0,2013,Measles c Complication
Lop Buri,2-2,0,2013,Measles c Complication
Sing Buri,2-2,0,2013,Measles c Complication
Zone:3,2-2,0,2013,Measles c Complication
Chachoengsao,2-2,0,2013,Measles c Complication
Nakhon Nayok,2-2,0,2013,Measles c Complication
Prachin Buri,2-2,0,2013,Measles c Complication
Sa Kaeo,2-2,0,2013,Measles c Complication
Samut Prakan,2-2,0,2013,Measles c Complication
Zone:4,2-2,0,2013,Measles c Complication
Kanchanaburi,2-2,0,2013,Measles c Complication
Nakhon Pathom,2-2,0,2013,Measles c Complication
Ratchaburi,2-2,0,2013,Measles c Complication
Suphan Buri,2-2,0,2013,Measles c Complication
Zone:5,2-2,0,2013,Measles c Complication
Phetchaburi,2-2,0,2013,Measles c Complication
Prachuap Khiri Khan,2-2,0,2013,Measles c Complication
Samut Sakhon,2-2,0,2013,Measles c Complication
Samut Songkhram,2-2,0,2013,Measles c Complication
Zone:9,2-2,0,2013,Measles c Complication
Chanthaburi,2-2,0,2013,Measles c Complication
Chon Buri,2-2,0,2013,Measles c Complication
Rayong,2-2,0,2013,Measles c Complication
Trat,2-2,0,2013,Measles c Complication
South Region,2-2,0,2013,Measles c Complication
Zone:6,2-2,0,2013,Measles c Complication
Chumphon,2-2,0,2013,Measles c Complication
Nakhon Si Thammarat,2-2,0,2013,Measles c Complication
Phatthalung,2-2,0,2013,Measles c Complication
Surat Thani,2-2,0,2013,Measles c Complication
Zone:7,2-2,0,2013,Measles c Complication
Krabi,2-2,0,2013,Measles c Complication
Phangnga,2-2,0,2013,Measles c Complication
Phuket,2-2,0,2013,Measles c Complication
Ranong,2-2,0,2013,Measles c Complication
Trang,2-2,0,2013,Measles c Complication
Zone:8,2-2,0,2013,Measles c Complication
Narathiwat,2-2,0,2013,Measles c Complication
Pattani,2-2,0,2013,Measles c Complication
Satun,2-2,0,2013,Measles c Complication
Songkhla,2-2,0,2013,Measles c Complication
Reported deaths by province and by age group : Thailand 2556(2013),2-2,,2013,Measles c Complication
Reporting Areas,2-2,2 +,2013,Measles c Complication
Yala,2-2,0,2013,Measles c Complication
North-Eastern Region,2-2,0,2013,Measles c Complication
Zone:10,2-2,0,2013,Measles c Complication
Bungkan,2-2,0,2013,Measles c Complication
Loei,2-2,0,2013,Measles c Complication
Nong Bua Lam Phu,2-2,0,2013,Measles c Complication
Nong Khai,2-2,0,2013,Measles c Complication
Udon Thani,2-2,0,2013,Measles c Complication
Zone:11,2-2,0,2013,Measles c Complication
Mukdahan,2-2,0,2013,Measles c Complication
Nakhon Phanom,2-2,0,2013,Measles c Complication
Sakon Nakhon,2-2,0,2013,Measles c Complication
Zone:12,2-2,0,2013,Measles c Complication
Kalasin,2-2,0,2013,Measles c Complication
Khon Kaen,2-2,0,2013,Measles c Complication
Maha Sarakham,2-2,0,2013,Measles c Complication
Roi Et,2-2,0,2013,Measles c Complication
Zone:13,2-2,0,2013,Measles c Complication
Amnat Charoen,2-2,0,2013,Measles c Complication
Si Sa Ket,2-2,0,2013,Measles c Complication
Ubon Ratchathani,2-2,0,2013,Measles c Complication
Yasothon,2-2,0,2013,Measles c Complication
Zone:14,2-2,0,2013,Measles c Complication
Buri Ram,2-2,0,2013,Measles c Complication
Chaiyaphum,2-2,0,2013,Measles c Complication
Nakhon Ratchasima,2-2,0,2013,Measles c Complication
Surin,2-2,0,2013,Measles c Complication
North Region,2-2,0,2013,Measles c Complication
Zone:15,2-2,0,2013,Measles c Complication
Chiang Mai,2-2,0,2013,Measles c Complication
Lampang,2-2,0,2013,Measles c Complication
Lamphun,2-2,0,2013,Measles c Complication
Mae Hong Son,2-2,0,2013,Measles c Complication
Zone:16,2-2,0,2013,Measles c Complication
Chiang Rai,2-2,0,2013,Measles c Complication
Nan,2-2,0,2013,Measles c Complication
Phayao,2-2,0,2013,Measles c Complication
Phrae,2-2,0,2013,Measles c Complication
Zone:17,2-2,0,2013,Measles c Complication
Phetchabun,2-2,0,2013,Measles c Complication
Phitsanulok,2-2,0,2013,Measles c Complication
Sukhothai,2-2,0,2013,Measles c Complication
Tak,2-2,0,2013,Measles c Complication
Uttaradit,2-2,0,2013,Measles c Complication
Zone:18,2-2,0,2013,Measles c Complication
Kamphaeng Phet,2-2,0,2013,Measles c Complication
Nakhon Sawan,2-2,0,2013,Measles c Complication
Phichit,2-2,0,2013,Measles c Complication
Uthai Thani,2-2,0,2013,Measles c Complication
Total,3-3,0,2013,Measles c Complication
Central Region,3-3,0,2013,Measles c Complication
Zone:0,3-3,0,2013,Measles c Complication
Bangkok,3-3,0,2013,Measles c Complication
Zone:1,3-3,0,2013,Measles c Complication
Nonthaburi,3-3,0,2013,Measles c Complication
P.Nakhon S.Ayutthaya,3-3,0,2013,Measles c Complication
Pathum Thani,3-3,0,2013,Measles c Complication
Saraburi,3-3,0,2013,Measles c Complication
Zone:2,3-3,0,2013,Measles c Complication
Ang Thong,3-3,0,2013,Measles c Complication
Chai Nat,3-3,0,2013,Measles c Complication
Lop Buri,3-3,0,2013,Measles c Complication
Sing Buri,3-3,0,2013,Measles c Complication
Zone:3,3-3,0,2013,Measles c Complication
Chachoengsao,3-3,0,2013,Measles c Complication
Nakhon Nayok,3-3,0,2013,Measles c Complication
Prachin Buri,3-3,0,2013,Measles c Complication
Sa Kaeo,3-3,0,2013,Measles c Complication
Samut Prakan,3-3,0,2013,Measles c Complication
Zone:4,3-3,0,2013,Measles c Complication
Kanchanaburi,3-3,0,2013,Measles c Complication
Nakhon Pathom,3-3,0,2013,Measles c Complication
Ratchaburi,3-3,0,2013,Measles c Complication
Suphan Buri,3-3,0,2013,Measles c Complication
Zone:5,3-3,0,2013,Measles c Complication
Phetchaburi,3-3,0,2013,Measles c Complication
Prachuap Khiri Khan,3-3,0,2013,Measles c Complication
Samut Sakhon,3-3,0,2013,Measles c Complication
Samut Songkhram,3-3,0,2013,Measles c Complication
Zone:9,3-3,0,2013,Measles c Complication
Chanthaburi,3-3,0,2013,Measles c Complication
Chon Buri,3-3,0,2013,Measles c Complication
Rayong,3-3,0,2013,Measles c Complication
Trat,3-3,0,2013,Measles c Complication
South Region,3-3,0,2013,Measles c Complication
Zone:6,3-3,0,2013,Measles c Complication
Chumphon,3-3,0,2013,Measles c Complication
Nakhon Si Thammarat,3-3,0,2013,Measles c Complication
Phatthalung,3-3,0,2013,Measles c Complication
Surat Thani,3-3,0,2013,Measles c Complication
Zone:7,3-3,0,2013,Measles c Complication
Krabi,3-3,0,2013,Measles c Complication
Phangnga,3-3,0,2013,Measles c Complication
Phuket,3-3,0,2013,Measles c Complication
Ranong,3-3,0,2013,Measles c Complication
Trang,3-3,0,2013,Measles c Complication
Zone:8,3-3,0,2013,Measles c Complication
Narathiwat,3-3,0,2013,Measles c Complication
Pattani,3-3,0,2013,Measles c Complication
Satun,3-3,0,2013,Measles c Complication
Songkhla,3-3,0,2013,Measles c Complication
Reported deaths by province and by age group : Thailand 2556(2013),3-3,,2013,Measles c Complication
Reporting Areas,3-3,3 +,2013,Measles c Complication
Yala,3-3,0,2013,Measles c Complication
North-Eastern Region,3-3,0,2013,Measles c Complication
Zone:10,3-3,0,2013,Measles c Complication
Bungkan,3-3,0,2013,Measles c Complication
Loei,3-3,0,2013,Measles c Complication
Nong Bua Lam Phu,3-3,0,2013,Measles c Complication
Nong Khai,3-3,0,2013,Measles c Complication
Udon Thani,3-3,0,2013,Measles c Complication
Zone:11,3-3,0,2013,Measles c Complication
Mukdahan,3-3,0,2013,Measles c Complication
Nakhon Phanom,3-3,0,2013,Measles c Complication
Sakon Nakhon,3-3,0,2013,Measles c Complication
Zone:12,3-3,0,2013,Measles c Complication
Kalasin,3-3,0,2013,Measles c Complication
Khon Kaen,3-3,0,2013,Measles c Complication
Maha Sarakham,3-3,0,2013,Measles c Complication
Roi Et,3-3,0,2013,Measles c Complication
Zone:13,3-3,0,2013,Measles c Complication
Amnat Charoen,3-3,0,2013,Measles c Complication
Si Sa Ket,3-3,0,2013,Measles c Complication
Ubon Ratchathani,3-3,0,2013,Measles c Complication
Yasothon,3-3,0,2013,Measles c Complication
Zone:14,3-3,0,2013,Measles c Complication
Buri Ram,3-3,0,2013,Measles c Complication
Chaiyaphum,3-3,0,2013,Measles c Complication
Nakhon Ratchasima,3-3,0,2013,Measles c Complication
Surin,3-3,0,2013,Measles c Complication
North Region,3-3,0,2013,Measles c Complication
Zone:15,3-3,0,2013,Measles c Complication
Chiang Mai,3-3,0,2013,Measles c Complication
Lampang,3-3,0,2013,Measles c Complication
Lamphun,3-3,0,2013,Measles c Complication
Mae Hong Son,3-3,0,2013,Measles c Complication
Zone:16,3-3,0,2013,Measles c Complication
Chiang Rai,3-3,0,2013,Measles c Complication
Nan,3-3,0,2013,Measles c Complication
Phayao,3-3,0,2013,Measles c Complication
Phrae,3-3,0,2013,Measles c Complication
Zone:17,3-3,0,2013,Measles c Complication
Phetchabun,3-3,0,2013,Measles c Complication
Phitsanulok,3-3,0,2013,Measles c Complication
Sukhothai,3-3,0,2013,Measles c Complication
Tak,3-3,0,2013,Measles c Complication
Uttaradit,3-3,0,2013,Measles c Complication
Zone:18,3-3,0,2013,Measles c Complication
Kamphaeng Phet,3-3,0,2013,Measles c Complication
Nakhon Sawan,3-3,0,2013,Measles c Complication
Phichit,3-3,0,2013,Measles c Complication
Uthai Thani,3-3,0,2013,Measles c Complication
Total,4-4,0,2013,Measles c Complication
Central Region,4-4,0,2013,Measles c Complication
Zone:0,4-4,0,2013,Measles c Complication
Bangkok,4-4,0,2013,Measles c Complication
Zone:1,4-4,0,2013,Measles c Complication
Nonthaburi,4-4,0,2013,Measles c Complication
P.Nakhon S.Ayutthaya,4-4,0,2013,Measles c Complication
Pathum Thani,4-4,0,2013,Measles c Complication
Saraburi,4-4,0,2013,Measles c Complication
Zone:2,4-4,0,2013,Measles c Complication
Ang Thong,4-4,0,2013,Measles c Complication
Chai Nat,4-4,0,2013,Measles c Complication
Lop Buri,4-4,0,2013,Measles c Complication
Sing Buri,4-4,0,2013,Measles c Complication
Zone:3,4-4,0,2013,Measles c Complication
Chachoengsao,4-4,0,2013,Measles c Complication
Nakhon Nayok,4-4,0,2013,Measles c Complication
Prachin Buri,4-4,0,2013,Measles c Complication
Sa Kaeo,4-4,0,2013,Measles c Complication
Samut Prakan,4-4,0,2013,Measles c Complication
Zone:4,4-4,0,2013,Measles c Complication
Kanchanaburi,4-4,0,2013,Measles c Complication
Nakhon Pathom,4-4,0,2013,Measles c Complication
Ratchaburi,4-4,0,2013,Measles c Complication
Suphan Buri,4-4,0,2013,Measles c Complication
Zone:5,4-4,0,2013,Measles c Complication
Phetchaburi,4-4,0,2013,Measles c Complication
Prachuap Khiri Khan,4-4,0,2013,Measles c Complication
Samut Sakhon,4-4,0,2013,Measles c Complication
Samut Songkhram,4-4,0,2013,Measles c Complication
Zone:9,4-4,0,2013,Measles c Complication
Chanthaburi,4-4,0,2013,Measles c Complication
Chon Buri,4-4,0,2013,Measles c Complication
Rayong,4-4,0,2013,Measles c Complication
Trat,4-4,0,2013,Measles c Complication
South Region,4-4,0,2013,Measles c Complication
Zone:6,4-4,0,2013,Measles c Complication
Chumphon,4-4,0,2013,Measles c Complication
Nakhon Si Thammarat,4-4,0,2013,Measles c Complication
Phatthalung,4-4,0,2013,Measles c Complication
Surat Thani,4-4,0,2013,Measles c Complication
Zone:7,4-4,0,2013,Measles c Complication
Krabi,4-4,0,2013,Measles c Complication
Phangnga,4-4,0,2013,Measles c Complication
Phuket,4-4,0,2013,Measles c Complication
Ranong,4-4,0,2013,Measles c Complication
Trang,4-4,0,2013,Measles c Complication
Zone:8,4-4,0,2013,Measles c Complication
Narathiwat,4-4,0,2013,Measles c Complication
Pattani,4-4,0,2013,Measles c Complication
Satun,4-4,0,2013,Measles c Complication
Songkhla,4-4,0,2013,Measles c Complication
Reported deaths by province and by age group : Thailand 2556(2013),4-4,,2013,Measles c Complication
Reporting Areas,4-4,4 +,2013,Measles c Complication
Yala,4-4,0,2013,Measles c Complication
North-Eastern Region,4-4,0,2013,Measles c Complication
Zone:10,4-4,0,2013,Measles c Complication
Bungkan,4-4,0,2013,Measles c Complication
Loei,4-4,0,2013,Measles c Complication
Nong Bua Lam Phu,4-4,0,2013,Measles c Complication
Nong Khai,4-4,0,2013,Measles c Complication
Udon Thani,4-4,0,2013,Measles c Complication
Zone:11,4-4,0,2013,Measles c Complication
Mukdahan,4-4,0,2013,Measles c Complication
Nakhon Phanom,4-4,0,2013,Measles c Complication
Sakon Nakhon,4-4,0,2013,Measles c Complication
Zone:12,4-4,0,2013,Measles c Complication
Kalasin,4-4,0,2013,Measles c Complication
Khon Kaen,4-4,0,2013,Measles c Complication
Maha Sarakham,4-4,0,2013,Measles c Complication
Roi Et,4-4,0,2013,Measles c Complication
Zone:13,4-4,0,2013,Measles c Complication
Amnat Charoen,4-4,0,2013,Measles c Complication
Si Sa Ket,4-4,0,2013,Measles c Complication
Ubon Ratchathani,4-4,0,2013,Measles c Complication
Yasothon,4-4,0,2013,Measles c Complication
Zone:14,4-4,0,2013,Measles c Complication
Buri Ram,4-4,0,2013,Measles c Complication
Chaiyaphum,4-4,0,2013,Measles c Complication
Nakhon Ratchasima,4-4,0,2013,Measles c Complication
Surin,4-4,0,2013,Measles c Complication
North Region,4-4,0,2013,Measles c Complication
Zone:15,4-4,0,2013,Measles c Complication
Chiang Mai,4-4,0,2013,Measles c Complication
Lampang,4-4,0,2013,Measles c Complication
Lamphun,4-4,0,2013,Measles c Complication
Mae Hong Son,4-4,0,2013,Measles c Complication
Zone:16,4-4,0,2013,Measles c Complication
Chiang Rai,4-4,0,2013,Measles c Complication
Nan,4-4,0,2013,Measles c Complication
Phayao,4-4,0,2013,Measles c Complication
Phrae,4-4,0,2013,Measles c Complication
Zone:17,4-4,0,2013,Measles c Complication
Phetchabun,4-4,0,2013,Measles c Complication
Phitsanulok,4-4,0,2013,Measles c Complication
Sukhothai,4-4,0,2013,Measles c Complication
Tak,4-4,0,2013,Measles c Complication
Uttaradit,4-4,0,2013,Measles c Complication
Zone:18,4-4,0,2013,Measles c Complication
Kamphaeng Phet,4-4,0,2013,Measles c Complication
Nakhon Sawan,4-4,0,2013,Measles c Complication
Phichit,4-4,0,2013,Measles c Complication
Uthai Thani,4-4,0,2013,Measles c Complication
Total,5-5,0,2013,Measles c Complication
Central Region,5-5,0,2013,Measles c Complication
Zone:0,5-5,0,2013,Measles c Complication
Bangkok,5-5,0,2013,Measles c Complication
Zone:1,5-5,0,2013,Measles c Complication
Nonthaburi,5-5,0,2013,Measles c Complication
P.Nakhon S.Ayutthaya,5-5,0,2013,Measles c Complication
Pathum Thani,5-5,0,2013,Measles c Complication
Saraburi,5-5,0,2013,Measles c Complication
Zone:2,5-5,0,2013,Measles c Complication
Ang Thong,5-5,0,2013,Measles c Complication
Chai Nat,5-5,0,2013,Measles c Complication
Lop Buri,5-5,0,2013,Measles c Complication
Sing Buri,5-5,0,2013,Measles c Complication
Zone:3,5-5,0,2013,Measles c Complication
Chachoengsao,5-5,0,2013,Measles c Complication
Nakhon Nayok,5-5,0,2013,Measles c Complication
Prachin Buri,5-5,0,2013,Measles c Complication
Sa Kaeo,5-5,0,2013,Measles c Complication
Samut Prakan,5-5,0,2013,Measles c Complication
Zone:4,5-5,0,2013,Measles c Complication
Kanchanaburi,5-5,0,2013,Measles c Complication
Nakhon Pathom,5-5,0,2013,Measles c Complication
Ratchaburi,5-5,0,2013,Measles c Complication
Suphan Buri,5-5,0,2013,Measles c Complication
Zone:5,5-5,0,2013,Measles c Complication
Phetchaburi,5-5,0,2013,Measles c Complication
Prachuap Khiri Khan,5-5,0,2013,Measles c Complication
Samut Sakhon,5-5,0,2013,Measles c Complication
Samut Songkhram,5-5,0,2013,Measles c Complication
Zone:9,5-5,0,2013,Measles c Complication
Chanthaburi,5-5,0,2013,Measles c Complication
Chon Buri,5-5,0,2013,Measles c Complication
Rayong,5-5,0,2013,Measles c Complication
Trat,5-5,0,2013,Measles c Complication
South Region,5-5,0,2013,Measles c Complication
Zone:6,5-5,0,2013,Measles c Complication
Chumphon,5-5,0,2013,Measles c Complication
Nakhon Si Thammarat,5-5,0,2013,Measles c Complication
Phatthalung,5-5,0,2013,Measles c Complication
Surat Thani,5-5,0,2013,Measles c Complication
Zone:7,5-5,0,2013,Measles c Complication
Krabi,5-5,0,2013,Measles c Complication
Phangnga,5-5,0,2013,Measles c Complication
Phuket,5-5,0,2013,Measles c Complication
Ranong,5-5,0,2013,Measles c Complication
Trang,5-5,0,2013,Measles c Complication
Zone:8,5-5,0,2013,Measles c Complication
Narathiwat,5-5,0,2013,Measles c Complication
Pattani,5-5,0,2013,Measles c Complication
Satun,5-5,0,2013,Measles c Complication
Songkhla,5-5,0,2013,Measles c Complication
Reported deaths by province and by age group : Thailand 2556(2013),5-5,,2013,Measles c Complication
Reporting Areas,5-5,5 +,2013,Measles c Complication
Yala,5-5,0,2013,Measles c Complication
North-Eastern Region,5-5,0,2013,Measles c Complication
Zone:10,5-5,0,2013,Measles c Complication
Bungkan,5-5,0,2013,Measles c Complication
Loei,5-5,0,2013,Measles c Complication
Nong Bua Lam Phu,5-5,0,2013,Measles c Complication
Nong Khai,5-5,0,2013,Measles c Complication
Udon Thani,5-5,0,2013,Measles c Complication
Zone:11,5-5,0,2013,Measles c Complication
Mukdahan,5-5,0,2013,Measles c Complication
Nakhon Phanom,5-5,0,2013,Measles c Complication
Sakon Nakhon,5-5,0,2013,Measles c Complication
Zone:12,5-5,0,2013,Measles c Complication
Kalasin,5-5,0,2013,Measles c Complication
Khon Kaen,5-5,0,2013,Measles c Complication
Maha Sarakham,5-5,0,2013,Measles c Complication
Roi Et,5-5,0,2013,Measles c Complication
Zone:13,5-5,0,2013,Measles c Complication
Amnat Charoen,5-5,0,2013,Measles c Complication
Si Sa Ket,5-5,0,2013,Measles c Complication
Ubon Ratchathani,5-5,0,2013,Measles c Complication
Yasothon,5-5,0,2013,Measles c Complication
Zone:14,5-5,0,2013,Measles c Complication
Buri Ram,5-5,0,2013,Measles c Complication
Chaiyaphum,5-5,0,2013,Measles c Complication
Nakhon Ratchasima,5-5,0,2013,Measles c Complication
Surin,5-5,0,2013,Measles c Complication
North Region,5-5,0,2013,Measles c Complication
Zone:15,5-5,0,2013,Measles c Complication
Chiang Mai,5-5,0,2013,Measles c Complication
Lampang,5-5,0,2013,Measles c Complication
Lamphun,5-5,0,2013,Measles c Complication
Mae Hong Son,5-5,0,2013,Measles c Complication
Zone:16,5-5,0,2013,Measles c Complication
Chiang Rai,5-5,0,2013,Measles c Complication
Nan,5-5,0,2013,Measles c Complication
Phayao,5-5,0,2013,Measles c Complication
Phrae,5-5,0,2013,Measles c Complication
Zone:17,5-5,0,2013,Measles c Complication
Phetchabun,5-5,0,2013,Measles c Complication
Phitsanulok,5-5,0,2013,Measles c Complication
Sukhothai,5-5,0,2013,Measles c Complication
Tak,5-5,0,2013,Measles c Complication
Uttaradit,5-5,0,2013,Measles c Complication
Zone:18,5-5,0,2013,Measles c Complication
Kamphaeng Phet,5-5,0,2013,Measles c Complication
Nakhon Sawan,5-5,0,2013,Measles c Complication
Phichit,5-5,0,2013,Measles c Complication
Uthai Thani,5-5,0,2013,Measles c Complication
Total,6-6,0,2013,Measles c Complication
Central Region,6-6,0,2013,Measles c Complication
Zone:0,6-6,0,2013,Measles c Complication
Bangkok,6-6,0,2013,Measles c Complication
Zone:1,6-6,0,2013,Measles c Complication
Nonthaburi,6-6,0,2013,Measles c Complication
P.Nakhon S.Ayutthaya,6-6,0,2013,Measles c Complication
Pathum Thani,6-6,0,2013,Measles c Complication
Saraburi,6-6,0,2013,Measles c Complication
Zone:2,6-6,0,2013,Measles c Complication
Ang Thong,6-6,0,2013,Measles c Complication
Chai Nat,6-6,0,2013,Measles c Complication
Lop Buri,6-6,0,2013,Measles c Complication
Sing Buri,6-6,0,2013,Measles c Complication
Zone:3,6-6,0,2013,Measles c Complication
Chachoengsao,6-6,0,2013,Measles c Complication
Nakhon Nayok,6-6,0,2013,Measles c Complication
Prachin Buri,6-6,0,2013,Measles c Complication
Sa Kaeo,6-6,0,2013,Measles c Complication
Samut Prakan,6-6,0,2013,Measles c Complication
Zone:4,6-6,0,2013,Measles c Complication
Kanchanaburi,6-6,0,2013,Measles c Complication
Nakhon Pathom,6-6,0,2013,Measles c Complication
Ratchaburi,6-6,0,2013,Measles c Complication
Suphan Buri,6-6,0,2013,Measles c Complication
Zone:5,6-6,0,2013,Measles c Complication
Phetchaburi,6-6,0,2013,Measles c Complication
Prachuap Khiri Khan,6-6,0,2013,Measles c Complication
Samut Sakhon,6-6,0,2013,Measles c Complication
Samut Songkhram,6-6,0,2013,Measles c Complication
Zone:9,6-6,0,2013,Measles c Complication
Chanthaburi,6-6,0,2013,Measles c Complication
Chon Buri,6-6,0,2013,Measles c Complication
Rayong,6-6,0,2013,Measles c Complication
Trat,6-6,0,2013,Measles c Complication
South Region,6-6,0,2013,Measles c Complication
Zone:6,6-6,0,2013,Measles c Complication
Chumphon,6-6,0,2013,Measles c Complication
Nakhon Si Thammarat,6-6,0,2013,Measles c Complication
Phatthalung,6-6,0,2013,Measles c Complication
Surat Thani,6-6,0,2013,Measles c Complication
Zone:7,6-6,0,2013,Measles c Complication
Krabi,6-6,0,2013,Measles c Complication
Phangnga,6-6,0,2013,Measles c Complication
Phuket,6-6,0,2013,Measles c Complication
Ranong,6-6,0,2013,Measles c Complication
Trang,6-6,0,2013,Measles c Complication
Zone:8,6-6,0,2013,Measles c Complication
Narathiwat,6-6,0,2013,Measles c Complication
Pattani,6-6,0,2013,Measles c Complication
Satun,6-6,0,2013,Measles c Complication
Songkhla,6-6,0,2013,Measles c Complication
Reported deaths by province and by age group : Thailand 2556(2013),6-6,,2013,Measles c Complication
Reporting Areas,6-6,6 +,2013,Measles c Complication
Yala,6-6,0,2013,Measles c Complication
North-Eastern Region,6-6,0,2013,Measles c Complication
Zone:10,6-6,0,2013,Measles c Complication
Bungkan,6-6,0,2013,Measles c Complication
Loei,6-6,0,2013,Measles c Complication
Nong Bua Lam Phu,6-6,0,2013,Measles c Complication
Nong Khai,6-6,0,2013,Measles c Complication
Udon Thani,6-6,0,2013,Measles c Complication
Zone:11,6-6,0,2013,Measles c Complication
Mukdahan,6-6,0,2013,Measles c Complication
Nakhon Phanom,6-6,0,2013,Measles c Complication
Sakon Nakhon,6-6,0,2013,Measles c Complication
Zone:12,6-6,0,2013,Measles c Complication
Kalasin,6-6,0,2013,Measles c Complication
Khon Kaen,6-6,0,2013,Measles c Complication
Maha Sarakham,6-6,0,2013,Measles c Complication
Roi Et,6-6,0,2013,Measles c Complication
Zone:13,6-6,0,2013,Measles c Complication
Amnat Charoen,6-6,0,2013,Measles c Complication
Si Sa Ket,6-6,0,2013,Measles c Complication
Ubon Ratchathani,6-6,0,2013,Measles c Complication
Yasothon,6-6,0,2013,Measles c Complication
Zone:14,6-6,0,2013,Measles c Complication
Buri Ram,6-6,0,2013,Measles c Complication
Chaiyaphum,6-6,0,2013,Measles c Complication
Nakhon Ratchasima,6-6,0,2013,Measles c Complication
Surin,6-6,0,2013,Measles c Complication
North Region,6-6,0,2013,Measles c Complication
Zone:15,6-6,0,2013,Measles c Complication
Chiang Mai,6-6,0,2013,Measles c Complication
Lampang,6-6,0,2013,Measles c Complication
Lamphun,6-6,0,2013,Measles c Complication
Mae Hong Son,6-6,0,2013,Measles c Complication
Zone:16,6-6,0,2013,Measles c Complication
Chiang Rai,6-6,0,2013,Measles c Complication
Nan,6-6,0,2013,Measles c Complication
Phayao,6-6,0,2013,Measles c Complication
Phrae,6-6,0,2013,Measles c Complication
Zone:17,6-6,0,2013,Measles c Complication
Phetchabun,6-6,0,2013,Measles c Complication
Phitsanulok,6-6,0,2013,Measles c Complication
Sukhothai,6-6,0,2013,Measles c Complication
Tak,6-6,0,2013,Measles c Complication
Uttaradit,6-6,0,2013,Measles c Complication
Zone:18,6-6,0,2013,Measles c Complication
Kamphaeng Phet,6-6,0,2013,Measles c Complication
Nakhon Sawan,6-6,0,2013,Measles c Complication
Phichit,6-6,0,2013,Measles c Complication
Uthai Thani,6-6,0,2013,Measles c Complication
Total,7-9,0,2013,Measles c Complication
Central Region,7-9,0,2013,Measles c Complication
Zone:0,7-9,0,2013,Measles c Complication
Bangkok,7-9,0,2013,Measles c Complication
Zone:1,7-9,0,2013,Measles c Complication
Nonthaburi,7-9,0,2013,Measles c Complication
P.Nakhon S.Ayutthaya,7-9,0,2013,Measles c Complication
Pathum Thani,7-9,0,2013,Measles c Complication
Saraburi,7-9,0,2013,Measles c Complication
Zone:2,7-9,0,2013,Measles c Complication
Ang Thong,7-9,0,2013,Measles c Complication
Chai Nat,7-9,0,2013,Measles c Complication
Lop Buri,7-9,0,2013,Measles c Complication
Sing Buri,7-9,0,2013,Measles c Complication
Zone:3,7-9,0,2013,Measles c Complication
Chachoengsao,7-9,0,2013,Measles c Complication
Nakhon Nayok,7-9,0,2013,Measles c Complication
Prachin Buri,7-9,0,2013,Measles c Complication
Sa Kaeo,7-9,0,2013,Measles c Complication
Samut Prakan,7-9,0,2013,Measles c Complication
Zone:4,7-9,0,2013,Measles c Complication
Kanchanaburi,7-9,0,2013,Measles c Complication
Nakhon Pathom,7-9,0,2013,Measles c Complication
Ratchaburi,7-9,0,2013,Measles c Complication
Suphan Buri,7-9,0,2013,Measles c Complication
Zone:5,7-9,0,2013,Measles c Complication
Phetchaburi,7-9,0,2013,Measles c Complication
Prachuap Khiri Khan,7-9,0,2013,Measles c Complication
Samut Sakhon,7-9,0,2013,Measles c Complication
Samut Songkhram,7-9,0,2013,Measles c Complication
Zone:9,7-9,0,2013,Measles c Complication
Chanthaburi,7-9,0,2013,Measles c Complication
Chon Buri,7-9,0,2013,Measles c Complication
Rayong,7-9,0,2013,Measles c Complication
Trat,7-9,0,2013,Measles c Complication
South Region,7-9,0,2013,Measles c Complication
Zone:6,7-9,0,2013,Measles c Complication
Chumphon,7-9,0,2013,Measles c Complication
Nakhon Si Thammarat,7-9,0,2013,Measles c Complication
Phatthalung,7-9,0,2013,Measles c Complication
Surat Thani,7-9,0,2013,Measles c Complication
Zone:7,7-9,0,2013,Measles c Complication
Krabi,7-9,0,2013,Measles c Complication
Phangnga,7-9,0,2013,Measles c Complication
Phuket,7-9,0,2013,Measles c Complication
Ranong,7-9,0,2013,Measles c Complication
Trang,7-9,0,2013,Measles c Complication
Zone:8,7-9,0,2013,Measles c Complication
Narathiwat,7-9,0,2013,Measles c Complication
Pattani,7-9,0,2013,Measles c Complication
Satun,7-9,0,2013,Measles c Complication
Songkhla,7-9,0,2013,Measles c Complication
Reported deaths by province and by age group : Thailand 2556(2013),7-9,,2013,Measles c Complication
Reporting Areas,7-9,7-9,2013,Measles c Complication
Yala,7-9,0,2013,Measles c Complication
North-Eastern Region,7-9,0,2013,Measles c Complication
Zone:10,7-9,0,2013,Measles c Complication
Bungkan,7-9,0,2013,Measles c Complication
Loei,7-9,0,2013,Measles c Complication
Nong Bua Lam Phu,7-9,0,2013,Measles c Complication
Nong Khai,7-9,0,2013,Measles c Complication
Udon Thani,7-9,0,2013,Measles c Complication
Zone:11,7-9,0,2013,Measles c Complication
Mukdahan,7-9,0,2013,Measles c Complication
Nakhon Phanom,7-9,0,2013,Measles c Complication
Sakon Nakhon,7-9,0,2013,Measles c Complication
Zone:12,7-9,0,2013,Measles c Complication
Kalasin,7-9,0,2013,Measles c Complication
Khon Kaen,7-9,0,2013,Measles c Complication
Maha Sarakham,7-9,0,2013,Measles c Complication
Roi Et,7-9,0,2013,Measles c Complication
Zone:13,7-9,0,2013,Measles c Complication
Amnat Charoen,7-9,0,2013,Measles c Complication
Si Sa Ket,7-9,0,2013,Measles c Complication
Ubon Ratchathani,7-9,0,2013,Measles c Complication
Yasothon,7-9,0,2013,Measles c Complication
Zone:14,7-9,0,2013,Measles c Complication
Buri Ram,7-9,0,2013,Measles c Complication
Chaiyaphum,7-9,0,2013,Measles c Complication
Nakhon Ratchasima,7-9,0,2013,Measles c Complication
Surin,7-9,0,2013,Measles c Complication
North Region,7-9,0,2013,Measles c Complication
Zone:15,7-9,0,2013,Measles c Complication
Chiang Mai,7-9,0,2013,Measles c Complication
Lampang,7-9,0,2013,Measles c Complication
Lamphun,7-9,0,2013,Measles c Complication
Mae Hong Son,7-9,0,2013,Measles c Complication
Zone:16,7-9,0,2013,Measles c Complication
Chiang Rai,7-9,0,2013,Measles c Complication
Nan,7-9,0,2013,Measles c Complication
Phayao,7-9,0,2013,Measles c Complication
Phrae,7-9,0,2013,Measles c Complication
Zone:17,7-9,0,2013,Measles c Complication
Phetchabun,7-9,0,2013,Measles c Complication
Phitsanulok,7-9,0,2013,Measles c Complication
Sukhothai,7-9,0,2013,Measles c Complication
Tak,7-9,0,2013,Measles c Complication
Uttaradit,7-9,0,2013,Measles c Complication
Zone:18,7-9,0,2013,Measles c Complication
Kamphaeng Phet,7-9,0,2013,Measles c Complication
Nakhon Sawan,7-9,0,2013,Measles c Complication
Phichit,7-9,0,2013,Measles c Complication
Uthai Thani,7-9,0,2013,Measles c Complication
Total,10-14,0,2013,Measles c Complication
Central Region,10-14,0,2013,Measles c Complication
Zone:0,10-14,0,2013,Measles c Complication
Bangkok,10-14,0,2013,Measles c Complication
Zone:1,10-14,0,2013,Measles c Complication
Nonthaburi,10-14,0,2013,Measles c Complication
P.Nakhon S.Ayutthaya,10-14,0,2013,Measles c Complication
Pathum Thani,10-14,0,2013,Measles c Complication
Saraburi,10-14,0,2013,Measles c Complication
Zone:2,10-14,0,2013,Measles c Complication
Ang Thong,10-14,0,2013,Measles c Complication
Chai Nat,10-14,0,2013,Measles c Complication
Lop Buri,10-14,0,2013,Measles c Complication
Sing Buri,10-14,0,2013,Measles c Complication
Zone:3,10-14,0,2013,Measles c Complication
Chachoengsao,10-14,0,2013,Measles c Complication
Nakhon Nayok,10-14,0,2013,Measles c Complication
Prachin Buri,10-14,0,2013,Measles c Complication
Sa Kaeo,10-14,0,2013,Measles c Complication
Samut Prakan,10-14,0,2013,Measles c Complication
Zone:4,10-14,0,2013,Measles c Complication
Kanchanaburi,10-14,0,2013,Measles c Complication
Nakhon Pathom,10-14,0,2013,Measles c Complication
Ratchaburi,10-14,0,2013,Measles c Complication
Suphan Buri,10-14,0,2013,Measles c Complication
Zone:5,10-14,0,2013,Measles c Complication
Phetchaburi,10-14,0,2013,Measles c Complication
Prachuap Khiri Khan,10-14,0,2013,Measles c Complication
Samut Sakhon,10-14,0,2013,Measles c Complication
Samut Songkhram,10-14,0,2013,Measles c Complication
Zone:9,10-14,0,2013,Measles c Complication
Chanthaburi,10-14,0,2013,Measles c Complication
Chon Buri,10-14,0,2013,Measles c Complication
Rayong,10-14,0,2013,Measles c Complication
Trat,10-14,0,2013,Measles c Complication
South Region,10-14,0,2013,Measles c Complication
Zone:6,10-14,0,2013,Measles c Complication
Chumphon,10-14,0,2013,Measles c Complication
Nakhon Si Thammarat,10-14,0,2013,Measles c Complication
Phatthalung,10-14,0,2013,Measles c Complication
Surat Thani,10-14,0,2013,Measles c Complication
Zone:7,10-14,0,2013,Measles c Complication
Krabi,10-14,0,2013,Measles c Complication
Phangnga,10-14,0,2013,Measles c Complication
Phuket,10-14,0,2013,Measles c Complication
Ranong,10-14,0,2013,Measles c Complication
Trang,10-14,0,2013,Measles c Complication
Zone:8,10-14,0,2013,Measles c Complication
Narathiwat,10-14,0,2013,Measles c Complication
Pattani,10-14,0,2013,Measles c Complication
Satun,10-14,0,2013,Measles c Complication
Songkhla,10-14,0,2013,Measles c Complication
Reported deaths by province and by age group : Thailand 2556(2013),10-14,,2013,Measles c Complication
Reporting Areas,10-14,10-14,2013,Measles c Complication
Yala,10-14,0,2013,Measles c Complication
North-Eastern Region,10-14,0,2013,Measles c Complication
Zone:10,10-14,0,2013,Measles c Complication
Bungkan,10-14,0,2013,Measles c Complication
Loei,10-14,0,2013,Measles c Complication
Nong Bua Lam Phu,10-14,0,2013,Measles c Complication
Nong Khai,10-14,0,2013,Measles c Complication
Udon Thani,10-14,0,2013,Measles c Complication
Zone:11,10-14,0,2013,Measles c Complication
Mukdahan,10-14,0,2013,Measles c Complication
Nakhon Phanom,10-14,0,2013,Measles c Complication
Sakon Nakhon,10-14,0,2013,Measles c Complication
Zone:12,10-14,0,2013,Measles c Complication
Kalasin,10-14,0,2013,Measles c Complication
Khon Kaen,10-14,0,2013,Measles c Complication
Maha Sarakham,10-14,0,2013,Measles c Complication
Roi Et,10-14,0,2013,Measles c Complication
Zone:13,10-14,0,2013,Measles c Complication
Amnat Charoen,10-14,0,2013,Measles c Complication
Si Sa Ket,10-14,0,2013,Measles c Complication
Ubon Ratchathani,10-14,0,2013,Measles c Complication
Yasothon,10-14,0,2013,Measles c Complication
Zone:14,10-14,0,2013,Measles c Complication
Buri Ram,10-14,0,2013,Measles c Complication
Chaiyaphum,10-14,0,2013,Measles c Complication
Nakhon Ratchasima,10-14,0,2013,Measles c Complication
Surin,10-14,0,2013,Measles c Complication
North Region,10-14,0,2013,Measles c Complication
Zone:15,10-14,0,2013,Measles c Complication
Chiang Mai,10-14,0,2013,Measles c Complication
Lampang,10-14,0,2013,Measles c Complication
Lamphun,10-14,0,2013,Measles c Complication
Mae Hong Son,10-14,0,2013,Measles c Complication
Zone:16,10-14,0,2013,Measles c Complication
Chiang Rai,10-14,0,2013,Measles c Complication
Nan,10-14,0,2013,Measles c Complication
Phayao,10-14,0,2013,Measles c Complication
Phrae,10-14,0,2013,Measles c Complication
Zone:17,10-14,0,2013,Measles c Complication
Phetchabun,10-14,0,2013,Measles c Complication
Phitsanulok,10-14,0,2013,Measles c Complication
Sukhothai,10-14,0,2013,Measles c Complication
Tak,10-14,0,2013,Measles c Complication
Uttaradit,10-14,0,2013,Measles c Complication
Zone:18,10-14,0,2013,Measles c Complication
Kamphaeng Phet,10-14,0,2013,Measles c Complication
Nakhon Sawan,10-14,0,2013,Measles c Complication
Phichit,10-14,0,2013,Measles c Complication
Uthai Thani,10-14,0,2013,Measles c Complication
Total,15-24,0,2013,Measles c Complication
Central Region,15-24,0,2013,Measles c Complication
Zone:0,15-24,0,2013,Measles c Complication
Bangkok,15-24,0,2013,Measles c Complication
Zone:1,15-24,0,2013,Measles c Complication
Nonthaburi,15-24,0,2013,Measles c Complication
P.Nakhon S.Ayutthaya,15-24,0,2013,Measles c Complication
Pathum Thani,15-24,0,2013,Measles c Complication
Saraburi,15-24,0,2013,Measles c Complication
Zone:2,15-24,0,2013,Measles c Complication
Ang Thong,15-24,0,2013,Measles c Complication
Chai Nat,15-24,0,2013,Measles c Complication
Lop Buri,15-24,0,2013,Measles c Complication
Sing Buri,15-24,0,2013,Measles c Complication
Zone:3,15-24,0,2013,Measles c Complication
Chachoengsao,15-24,0,2013,Measles c Complication
Nakhon Nayok,15-24,0,2013,Measles c Complication
Prachin Buri,15-24,0,2013,Measles c Complication
Sa Kaeo,15-24,0,2013,Measles c Complication
Samut Prakan,15-24,0,2013,Measles c Complication
Zone:4,15-24,0,2013,Measles c Complication
Kanchanaburi,15-24,0,2013,Measles c Complication
Nakhon Pathom,15-24,0,2013,Measles c Complication
Ratchaburi,15-24,0,2013,Measles c Complication
Suphan Buri,15-24,0,2013,Measles c Complication
Zone:5,15-24,0,2013,Measles c Complication
Phetchaburi,15-24,0,2013,Measles c Complication
Prachuap Khiri Khan,15-24,0,2013,Measles c Complication
Samut Sakhon,15-24,0,2013,Measles c Complication
Samut Songkhram,15-24,0,2013,Measles c Complication
Zone:9,15-24,0,2013,Measles c Complication
Chanthaburi,15-24,0,2013,Measles c Complication
Chon Buri,15-24,0,2013,Measles c Complication
Rayong,15-24,0,2013,Measles c Complication
Trat,15-24,0,2013,Measles c Complication
South Region,15-24,0,2013,Measles c Complication
Zone:6,15-24,0,2013,Measles c Complication
Chumphon,15-24,0,2013,Measles c Complication
Nakhon Si Thammarat,15-24,0,2013,Measles c Complication
Phatthalung,15-24,0,2013,Measles c Complication
Surat Thani,15-24,0,2013,Measles c Complication
Zone:7,15-24,0,2013,Measles c Complication
Krabi,15-24,0,2013,Measles c Complication
Phangnga,15-24,0,2013,Measles c Complication
Phuket,15-24,0,2013,Measles c Complication
Ranong,15-24,0,2013,Measles c Complication
Trang,15-24,0,2013,Measles c Complication
Zone:8,15-24,0,2013,Measles c Complication
Narathiwat,15-24,0,2013,Measles c Complication
Pattani,15-24,0,2013,Measles c Complication
Satun,15-24,0,2013,Measles c Complication
Songkhla,15-24,0,2013,Measles c Complication
Reported deaths by province and by age group : Thailand 2556(2013),15-24,,2013,Measles c Complication
Reporting Areas,15-24,15-24,2013,Measles c Complication
Yala,15-24,0,2013,Measles c Complication
North-Eastern Region,15-24,0,2013,Measles c Complication
Zone:10,15-24,0,2013,Measles c Complication
Bungkan,15-24,0,2013,Measles c Complication
Loei,15-24,0,2013,Measles c Complication
Nong Bua Lam Phu,15-24,0,2013,Measles c Complication
Nong Khai,15-24,0,2013,Measles c Complication
Udon Thani,15-24,0,2013,Measles c Complication
Zone:11,15-24,0,2013,Measles c Complication
Mukdahan,15-24,0,2013,Measles c Complication
Nakhon Phanom,15-24,0,2013,Measles c Complication
Sakon Nakhon,15-24,0,2013,Measles c Complication
Zone:12,15-24,0,2013,Measles c Complication
Kalasin,15-24,0,2013,Measles c Complication
Khon Kaen,15-24,0,2013,Measles c Complication
Maha Sarakham,15-24,0,2013,Measles c Complication
Roi Et,15-24,0,2013,Measles c Complication
Zone:13,15-24,0,2013,Measles c Complication
Amnat Charoen,15-24,0,2013,Measles c Complication
Si Sa Ket,15-24,0,2013,Measles c Complication
Ubon Ratchathani,15-24,0,2013,Measles c Complication
Yasothon,15-24,0,2013,Measles c Complication
Zone:14,15-24,0,2013,Measles c Complication
Buri Ram,15-24,0,2013,Measles c Complication
Chaiyaphum,15-24,0,2013,Measles c Complication
Nakhon Ratchasima,15-24,0,2013,Measles c Complication
Surin,15-24,0,2013,Measles c Complication
North Region,15-24,0,2013,Measles c Complication
Zone:15,15-24,0,2013,Measles c Complication
Chiang Mai,15-24,0,2013,Measles c Complication
Lampang,15-24,0,2013,Measles c Complication
Lamphun,15-24,0,2013,Measles c Complication
Mae Hong Son,15-24,0,2013,Measles c Complication
Zone:16,15-24,0,2013,Measles c Complication
Chiang Rai,15-24,0,2013,Measles c Complication
Nan,15-24,0,2013,Measles c Complication
Phayao,15-24,0,2013,Measles c Complication
Phrae,15-24,0,2013,Measles c Complication
Zone:17,15-24,0,2013,Measles c Complication
Phetchabun,15-24,0,2013,Measles c Complication
Phitsanulok,15-24,0,2013,Measles c Complication
Sukhothai,15-24,0,2013,Measles c Complication
Tak,15-24,0,2013,Measles c Complication
Uttaradit,15-24,0,2013,Measles c Complication
Zone:18,15-24,0,2013,Measles c Complication
Kamphaeng Phet,15-24,0,2013,Measles c Complication
Nakhon Sawan,15-24,0,2013,Measles c Complication
Phichit,15-24,0,2013,Measles c Complication
Uthai Thani,15-24,0,2013,Measles c Complication
Total,25-34,0,2013,Measles c Complication
Central Region,25-34,0,2013,Measles c Complication
Zone:0,25-34,0,2013,Measles c Complication
Bangkok,25-34,0,2013,Measles c Complication
Zone:1,25-34,0,2013,Measles c Complication
Nonthaburi,25-34,0,2013,Measles c Complication
P.Nakhon S.Ayutthaya,25-34,0,2013,Measles c Complication
Pathum Thani,25-34,0,2013,Measles c Complication
Saraburi,25-34,0,2013,Measles c Complication
Zone:2,25-34,0,2013,Measles c Complication
Ang Thong,25-34,0,2013,Measles c Complication
Chai Nat,25-34,0,2013,Measles c Complication
Lop Buri,25-34,0,2013,Measles c Complication
Sing Buri,25-34,0,2013,Measles c Complication
Zone:3,25-34,0,2013,Measles c Complication
Chachoengsao,25-34,0,2013,Measles c Complication
Nakhon Nayok,25-34,0,2013,Measles c Complication
Prachin Buri,25-34,0,2013,Measles c Complication
Sa Kaeo,25-34,0,2013,Measles c Complication
Samut Prakan,25-34,0,2013,Measles c Complication
Zone:4,25-34,0,2013,Measles c Complication
Kanchanaburi,25-34,0,2013,Measles c Complication
Nakhon Pathom,25-34,0,2013,Measles c Complication
Ratchaburi,25-34,0,2013,Measles c Complication
Suphan Buri,25-34,0,2013,Measles c Complication
Zone:5,25-34,0,2013,Measles c Complication
Phetchaburi,25-34,0,2013,Measles c Complication
Prachuap Khiri Khan,25-34,0,2013,Measles c Complication
Samut Sakhon,25-34,0,2013,Measles c Complication
Samut Songkhram,25-34,0,2013,Measles c Complication
Zone:9,25-34,0,2013,Measles c Complication
Chanthaburi,25-34,0,2013,Measles c Complication
Chon Buri,25-34,0,2013,Measles c Complication
Rayong,25-34,0,2013,Measles c Complication
Trat,25-34,0,2013,Measles c Complication
South Region,25-34,0,2013,Measles c Complication
Zone:6,25-34,0,2013,Measles c Complication
Chumphon,25-34,0,2013,Measles c Complication
Nakhon Si Thammarat,25-34,0,2013,Measles c Complication
Phatthalung,25-34,0,2013,Measles c Complication
Surat Thani,25-34,0,2013,Measles c Complication
Zone:7,25-34,0,2013,Measles c Complication
Krabi,25-34,0,2013,Measles c Complication
Phangnga,25-34,0,2013,Measles c Complication
Phuket,25-34,0,2013,Measles c Complication
Ranong,25-34,0,2013,Measles c Complication
Trang,25-34,0,2013,Measles c Complication
Zone:8,25-34,0,2013,Measles c Complication
Narathiwat,25-34,0,2013,Measles c Complication
Pattani,25-34,0,2013,Measles c Complication
Satun,25-34,0,2013,Measles c Complication
Songkhla,25-34,0,2013,Measles c Complication
Reported deaths by province and by age group : Thailand 2556(2013),25-34,,2013,Measles c Complication
Reporting Areas,25-34,25-34,2013,Measles c Complication
Yala,25-34,0,2013,Measles c Complication
North-Eastern Region,25-34,0,2013,Measles c Complication
Zone:10,25-34,0,2013,Measles c Complication
Bungkan,25-34,0,2013,Measles c Complication
Loei,25-34,0,2013,Measles c Complication
Nong Bua Lam Phu,25-34,0,2013,Measles c Complication
Nong Khai,25-34,0,2013,Measles c Complication
Udon Thani,25-34,0,2013,Measles c Complication
Zone:11,25-34,0,2013,Measles c Complication
Mukdahan,25-34,0,2013,Measles c Complication
Nakhon Phanom,25-34,0,2013,Measles c Complication
Sakon Nakhon,25-34,0,2013,Measles c Complication
Zone:12,25-34,0,2013,Measles c Complication
Kalasin,25-34,0,2013,Measles c Complication
Khon Kaen,25-34,0,2013,Measles c Complication
Maha Sarakham,25-34,0,2013,Measles c Complication
Roi Et,25-34,0,2013,Measles c Complication
Zone:13,25-34,0,2013,Measles c Complication
Amnat Charoen,25-34,0,2013,Measles c Complication
Si Sa Ket,25-34,0,2013,Measles c Complication
Ubon Ratchathani,25-34,0,2013,Measles c Complication
Yasothon,25-34,0,2013,Measles c Complication
Zone:14,25-34,0,2013,Measles c Complication
Buri Ram,25-34,0,2013,Measles c Complication
Chaiyaphum,25-34,0,2013,Measles c Complication
Nakhon Ratchasima,25-34,0,2013,Measles c Complication
Surin,25-34,0,2013,Measles c Complication
North Region,25-34,0,2013,Measles c Complication
Zone:15,25-34,0,2013,Measles c Complication
Chiang Mai,25-34,0,2013,Measles c Complication
Lampang,25-34,0,2013,Measles c Complication
Lamphun,25-34,0,2013,Measles c Complication
Mae Hong Son,25-34,0,2013,Measles c Complication
Zone:16,25-34,0,2013,Measles c Complication
Chiang Rai,25-34,0,2013,Measles c Complication
Nan,25-34,0,2013,Measles c Complication
Phayao,25-34,0,2013,Measles c Complication
Phrae,25-34,0,2013,Measles c Complication
Zone:17,25-34,0,2013,Measles c Complication
Phetchabun,25-34,0,2013,Measles c Complication
Phitsanulok,25-34,0,2013,Measles c Complication
Sukhothai,25-34,0,2013,Measles c Complication
Tak,25-34,0,2013,Measles c Complication
Uttaradit,25-34,0,2013,Measles c Complication
Zone:18,25-34,0,2013,Measles c Complication
Kamphaeng Phet,25-34,0,2013,Measles c Complication
Nakhon Sawan,25-34,0,2013,Measles c Complication
Phichit,25-34,0,2013,Measles c Complication
Uthai Thani,25-34,0,2013,Measles c Complication
Total,35-44,0,2013,Measles c Complication
Central Region,35-44,0,2013,Measles c Complication
Zone:0,35-44,0,2013,Measles c Complication
Bangkok,35-44,0,2013,Measles c Complication
Zone:1,35-44,0,2013,Measles c Complication
Nonthaburi,35-44,0,2013,Measles c Complication
P.Nakhon S.Ayutthaya,35-44,0,2013,Measles c Complication
Pathum Thani,35-44,0,2013,Measles c Complication
Saraburi,35-44,0,2013,Measles c Complication
Zone:2,35-44,0,2013,Measles c Complication
Ang Thong,35-44,0,2013,Measles c Complication
Chai Nat,35-44,0,2013,Measles c Complication
Lop Buri,35-44,0,2013,Measles c Complication
Sing Buri,35-44,0,2013,Measles c Complication
Zone:3,35-44,0,2013,Measles c Complication
Chachoengsao,35-44,0,2013,Measles c Complication
Nakhon Nayok,35-44,0,2013,Measles c Complication
Prachin Buri,35-44,0,2013,Measles c Complication
Sa Kaeo,35-44,0,2013,Measles c Complication
Samut Prakan,35-44,0,2013,Measles c Complication
Zone:4,35-44,0,2013,Measles c Complication
Kanchanaburi,35-44,0,2013,Measles c Complication
Nakhon Pathom,35-44,0,2013,Measles c Complication
Ratchaburi,35-44,0,2013,Measles c Complication
Suphan Buri,35-44,0,2013,Measles c Complication
Zone:5,35-44,0,2013,Measles c Complication
Phetchaburi,35-44,0,2013,Measles c Complication
Prachuap Khiri Khan,35-44,0,2013,Measles c Complication
Samut Sakhon,35-44,0,2013,Measles c Complication
Samut Songkhram,35-44,0,2013,Measles c Complication
Zone:9,35-44,0,2013,Measles c Complication
Chanthaburi,35-44,0,2013,Measles c Complication
Chon Buri,35-44,0,2013,Measles c Complication
Rayong,35-44,0,2013,Measles c Complication
Trat,35-44,0,2013,Measles c Complication
South Region,35-44,0,2013,Measles c Complication
Zone:6,35-44,0,2013,Measles c Complication
Chumphon,35-44,0,2013,Measles c Complication
Nakhon Si Thammarat,35-44,0,2013,Measles c Complication
Phatthalung,35-44,0,2013,Measles c Complication
Surat Thani,35-44,0,2013,Measles c Complication
Zone:7,35-44,0,2013,Measles c Complication
Krabi,35-44,0,2013,Measles c Complication
Phangnga,35-44,0,2013,Measles c Complication
Phuket,35-44,0,2013,Measles c Complication
Ranong,35-44,0,2013,Measles c Complication
Trang,35-44,0,2013,Measles c Complication
Zone:8,35-44,0,2013,Measles c Complication
Narathiwat,35-44,0,2013,Measles c Complication
Pattani,35-44,0,2013,Measles c Complication
Satun,35-44,0,2013,Measles c Complication
Songkhla,35-44,0,2013,Measles c Complication
Reported deaths by province and by age group : Thailand 2556(2013),35-44,,2013,Measles c Complication
Reporting Areas,35-44,35-44,2013,Measles c Complication
Yala,35-44,0,2013,Measles c Complication
North-Eastern Region,35-44,0,2013,Measles c Complication
Zone:10,35-44,0,2013,Measles c Complication
Bungkan,35-44,0,2013,Measles c Complication
Loei,35-44,0,2013,Measles c Complication
Nong Bua Lam Phu,35-44,0,2013,Measles c Complication
Nong Khai,35-44,0,2013,Measles c Complication
Udon Thani,35-44,0,2013,Measles c Complication
Zone:11,35-44,0,2013,Measles c Complication
Mukdahan,35-44,0,2013,Measles c Complication
Nakhon Phanom,35-44,0,2013,Measles c Complication
Sakon Nakhon,35-44,0,2013,Measles c Complication
Zone:12,35-44,0,2013,Measles c Complication
Kalasin,35-44,0,2013,Measles c Complication
Khon Kaen,35-44,0,2013,Measles c Complication
Maha Sarakham,35-44,0,2013,Measles c Complication
Roi Et,35-44,0,2013,Measles c Complication
Zone:13,35-44,0,2013,Measles c Complication
Amnat Charoen,35-44,0,2013,Measles c Complication
Si Sa Ket,35-44,0,2013,Measles c Complication
Ubon Ratchathani,35-44,0,2013,Measles c Complication
Yasothon,35-44,0,2013,Measles c Complication
Zone:14,35-44,0,2013,Measles c Complication
Buri Ram,35-44,0,2013,Measles c Complication
Chaiyaphum,35-44,0,2013,Measles c Complication
Nakhon Ratchasima,35-44,0,2013,Measles c Complication
Surin,35-44,0,2013,Measles c Complication
North Region,35-44,0,2013,Measles c Complication
Zone:15,35-44,0,2013,Measles c Complication
Chiang Mai,35-44,0,2013,Measles c Complication
Lampang,35-44,0,2013,Measles c Complication
Lamphun,35-44,0,2013,Measles c Complication
Mae Hong Son,35-44,0,2013,Measles c Complication
Zone:16,35-44,0,2013,Measles c Complication
Chiang Rai,35-44,0,2013,Measles c Complication
Nan,35-44,0,2013,Measles c Complication
Phayao,35-44,0,2013,Measles c Complication
Phrae,35-44,0,2013,Measles c Complication
Zone:17,35-44,0,2013,Measles c Complication
Phetchabun,35-44,0,2013,Measles c Complication
Phitsanulok,35-44,0,2013,Measles c Complication
Sukhothai,35-44,0,2013,Measles c Complication
Tak,35-44,0,2013,Measles c Complication
Uttaradit,35-44,0,2013,Measles c Complication
Zone:18,35-44,0,2013,Measles c Complication
Kamphaeng Phet,35-44,0,2013,Measles c Complication
Nakhon Sawan,35-44,0,2013,Measles c Complication
Phichit,35-44,0,2013,Measles c Complication
Uthai Thani,35-44,0,2013,Measles c Complication
Total,45-54,0,2013,Measles c Complication
Central Region,45-54,0,2013,Measles c Complication
Zone:0,45-54,0,2013,Measles c Complication
Bangkok,45-54,0,2013,Measles c Complication
Zone:1,45-54,0,2013,Measles c Complication
Nonthaburi,45-54,0,2013,Measles c Complication
P.Nakhon S.Ayutthaya,45-54,0,2013,Measles c Complication
Pathum Thani,45-54,0,2013,Measles c Complication
Saraburi,45-54,0,2013,Measles c Complication
Zone:2,45-54,0,2013,Measles c Complication
Ang Thong,45-54,0,2013,Measles c Complication
Chai Nat,45-54,0,2013,Measles c Complication
Lop Buri,45-54,0,2013,Measles c Complication
Sing Buri,45-54,0,2013,Measles c Complication
Zone:3,45-54,0,2013,Measles c Complication
Chachoengsao,45-54,0,2013,Measles c Complication
Nakhon Nayok,45-54,0,2013,Measles c Complication
Prachin Buri,45-54,0,2013,Measles c Complication
Sa Kaeo,45-54,0,2013,Measles c Complication
Samut Prakan,45-54,0,2013,Measles c Complication
Zone:4,45-54,0,2013,Measles c Complication
Kanchanaburi,45-54,0,2013,Measles c Complication
Nakhon Pathom,45-54,0,2013,Measles c Complication
Ratchaburi,45-54,0,2013,Measles c Complication
Suphan Buri,45-54,0,2013,Measles c Complication
Zone:5,45-54,0,2013,Measles c Complication
Phetchaburi,45-54,0,2013,Measles c Complication
Prachuap Khiri Khan,45-54,0,2013,Measles c Complication
Samut Sakhon,45-54,0,2013,Measles c Complication
Samut Songkhram,45-54,0,2013,Measles c Complication
Zone:9,45-54,0,2013,Measles c Complication
Chanthaburi,45-54,0,2013,Measles c Complication
Chon Buri,45-54,0,2013,Measles c Complication
Rayong,45-54,0,2013,Measles c Complication
Trat,45-54,0,2013,Measles c Complication
South Region,45-54,0,2013,Measles c Complication
Zone:6,45-54,0,2013,Measles c Complication
Chumphon,45-54,0,2013,Measles c Complication
Nakhon Si Thammarat,45-54,0,2013,Measles c Complication
Phatthalung,45-54,0,2013,Measles c Complication
Surat Thani,45-54,0,2013,Measles c Complication
Zone:7,45-54,0,2013,Measles c Complication
Krabi,45-54,0,2013,Measles c Complication
Phangnga,45-54,0,2013,Measles c Complication
Phuket,45-54,0,2013,Measles c Complication
Ranong,45-54,0,2013,Measles c Complication
Trang,45-54,0,2013,Measles c Complication
Zone:8,45-54,0,2013,Measles c Complication
Narathiwat,45-54,0,2013,Measles c Complication
Pattani,45-54,0,2013,Measles c Complication
Satun,45-54,0,2013,Measles c Complication
Songkhla,45-54,0,2013,Measles c Complication
Reported deaths by province and by age group : Thailand 2556(2013),45-54,,2013,Measles c Complication
Reporting Areas,45-54,45-54,2013,Measles c Complication
Yala,45-54,0,2013,Measles c Complication
North-Eastern Region,45-54,0,2013,Measles c Complication
Zone:10,45-54,0,2013,Measles c Complication
Bungkan,45-54,0,2013,Measles c Complication
Loei,45-54,0,2013,Measles c Complication
Nong Bua Lam Phu,45-54,0,2013,Measles c Complication
Nong Khai,45-54,0,2013,Measles c Complication
Udon Thani,45-54,0,2013,Measles c Complication
Zone:11,45-54,0,2013,Measles c Complication
Mukdahan,45-54,0,2013,Measles c Complication
Nakhon Phanom,45-54,0,2013,Measles c Complication
Sakon Nakhon,45-54,0,2013,Measles c Complication
Zone:12,45-54,0,2013,Measles c Complication
Kalasin,45-54,0,2013,Measles c Complication
Khon Kaen,45-54,0,2013,Measles c Complication
Maha Sarakham,45-54,0,2013,Measles c Complication
Roi Et,45-54,0,2013,Measles c Complication
Zone:13,45-54,0,2013,Measles c Complication
Amnat Charoen,45-54,0,2013,Measles c Complication
Si Sa Ket,45-54,0,2013,Measles c Complication
Ubon Ratchathani,45-54,0,2013,Measles c Complication
Yasothon,45-54,0,2013,Measles c Complication
Zone:14,45-54,0,2013,Measles c Complication
Buri Ram,45-54,0,2013,Measles c Complication
Chaiyaphum,45-54,0,2013,Measles c Complication
Nakhon Ratchasima,45-54,0,2013,Measles c Complication
Surin,45-54,0,2013,Measles c Complication
North Region,45-54,0,2013,Measles c Complication
Zone:15,45-54,0,2013,Measles c Complication
Chiang Mai,45-54,0,2013,Measles c Complication
Lampang,45-54,0,2013,Measles c Complication
Lamphun,45-54,0,2013,Measles c Complication
Mae Hong Son,45-54,0,2013,Measles c Complication
Zone:16,45-54,0,2013,Measles c Complication
Chiang Rai,45-54,0,2013,Measles c Complication
Nan,45-54,0,2013,Measles c Complication
Phayao,45-54,0,2013,Measles c Complication
Phrae,45-54,0,2013,Measles c Complication
Zone:17,45-54,0,2013,Measles c Complication
Phetchabun,45-54,0,2013,Measles c Complication
Phitsanulok,45-54,0,2013,Measles c Complication
Sukhothai,45-54,0,2013,Measles c Complication
Tak,45-54,0,2013,Measles c Complication
Uttaradit,45-54,0,2013,Measles c Complication
Zone:18,45-54,0,2013,Measles c Complication
Kamphaeng Phet,45-54,0,2013,Measles c Complication
Nakhon Sawan,45-54,0,2013,Measles c Complication
Phichit,45-54,0,2013,Measles c Complication
Uthai Thani,45-54,0,2013,Measles c Complication
Total,55-64,0,2013,Measles c Complication
Central Region,55-64,0,2013,Measles c Complication
Zone:0,55-64,0,2013,Measles c Complication
Bangkok,55-64,0,2013,Measles c Complication
Zone:1,55-64,0,2013,Measles c Complication
Nonthaburi,55-64,0,2013,Measles c Complication
P.Nakhon S.Ayutthaya,55-64,0,2013,Measles c Complication
Pathum Thani,55-64,0,2013,Measles c Complication
Saraburi,55-64,0,2013,Measles c Complication
Zone:2,55-64,0,2013,Measles c Complication
Ang Thong,55-64,0,2013,Measles c Complication
Chai Nat,55-64,0,2013,Measles c Complication
Lop Buri,55-64,0,2013,Measles c Complication
Sing Buri,55-64,0,2013,Measles c Complication
Zone:3,55-64,0,2013,Measles c Complication
Chachoengsao,55-64,0,2013,Measles c Complication
Nakhon Nayok,55-64,0,2013,Measles c Complication
Prachin Buri,55-64,0,2013,Measles c Complication
Sa Kaeo,55-64,0,2013,Measles c Complication
Samut Prakan,55-64,0,2013,Measles c Complication
Zone:4,55-64,0,2013,Measles c Complication
Kanchanaburi,55-64,0,2013,Measles c Complication
Nakhon Pathom,55-64,0,2013,Measles c Complication
Ratchaburi,55-64,0,2013,Measles c Complication
Suphan Buri,55-64,0,2013,Measles c Complication
Zone:5,55-64,0,2013,Measles c Complication
Phetchaburi,55-64,0,2013,Measles c Complication
Prachuap Khiri Khan,55-64,0,2013,Measles c Complication
Samut Sakhon,55-64,0,2013,Measles c Complication
Samut Songkhram,55-64,0,2013,Measles c Complication
Zone:9,55-64,0,2013,Measles c Complication
Chanthaburi,55-64,0,2013,Measles c Complication
Chon Buri,55-64,0,2013,Measles c Complication
Rayong,55-64,0,2013,Measles c Complication
Trat,55-64,0,2013,Measles c Complication
South Region,55-64,0,2013,Measles c Complication
Zone:6,55-64,0,2013,Measles c Complication
Chumphon,55-64,0,2013,Measles c Complication
Nakhon Si Thammarat,55-64,0,2013,Measles c Complication
Phatthalung,55-64,0,2013,Measles c Complication
Surat Thani,55-64,0,2013,Measles c Complication
Zone:7,55-64,0,2013,Measles c Complication
Krabi,55-64,0,2013,Measles c Complication
Phangnga,55-64,0,2013,Measles c Complication
Phuket,55-64,0,2013,Measles c Complication
Ranong,55-64,0,2013,Measles c Complication
Trang,55-64,0,2013,Measles c Complication
Zone:8,55-64,0,2013,Measles c Complication
Narathiwat,55-64,0,2013,Measles c Complication
Pattani,55-64,0,2013,Measles c Complication
Satun,55-64,0,2013,Measles c Complication
Songkhla,55-64,0,2013,Measles c Complication
Reported deaths by province and by age group : Thailand 2556(2013),55-64,,2013,Measles c Complication
Reporting Areas,55-64,55-64,2013,Measles c Complication
Yala,55-64,0,2013,Measles c Complication
North-Eastern Region,55-64,0,2013,Measles c Complication
Zone:10,55-64,0,2013,Measles c Complication
Bungkan,55-64,0,2013,Measles c Complication
Loei,55-64,0,2013,Measles c Complication
Nong Bua Lam Phu,55-64,0,2013,Measles c Complication
Nong Khai,55-64,0,2013,Measles c Complication
Udon Thani,55-64,0,2013,Measles c Complication
Zone:11,55-64,0,2013,Measles c Complication
Mukdahan,55-64,0,2013,Measles c Complication
Nakhon Phanom,55-64,0,2013,Measles c Complication
Sakon Nakhon,55-64,0,2013,Measles c Complication
Zone:12,55-64,0,2013,Measles c Complication
Kalasin,55-64,0,2013,Measles c Complication
Khon Kaen,55-64,0,2013,Measles c Complication
Maha Sarakham,55-64,0,2013,Measles c Complication
Roi Et,55-64,0,2013,Measles c Complication
Zone:13,55-64,0,2013,Measles c Complication
Amnat Charoen,55-64,0,2013,Measles c Complication
Si Sa Ket,55-64,0,2013,Measles c Complication
Ubon Ratchathani,55-64,0,2013,Measles c Complication
Yasothon,55-64,0,2013,Measles c Complication
Zone:14,55-64,0,2013,Measles c Complication
Buri Ram,55-64,0,2013,Measles c Complication
Chaiyaphum,55-64,0,2013,Measles c Complication
Nakhon Ratchasima,55-64,0,2013,Measles c Complication
Surin,55-64,0,2013,Measles c Complication
North Region,55-64,0,2013,Measles c Complication
Zone:15,55-64,0,2013,Measles c Complication
Chiang Mai,55-64,0,2013,Measles c Complication
Lampang,55-64,0,2013,Measles c Complication
Lamphun,55-64,0,2013,Measles c Complication
Mae Hong Son,55-64,0,2013,Measles c Complication
Zone:16,55-64,0,2013,Measles c Complication
Chiang Rai,55-64,0,2013,Measles c Complication
Nan,55-64,0,2013,Measles c Complication
Phayao,55-64,0,2013,Measles c Complication
Phrae,55-64,0,2013,Measles c Complication
Zone:17,55-64,0,2013,Measles c Complication
Phetchabun,55-64,0,2013,Measles c Complication
Phitsanulok,55-64,0,2013,Measles c Complication
Sukhothai,55-64,0,2013,Measles c Complication
Tak,55-64,0,2013,Measles c Complication
Uttaradit,55-64,0,2013,Measles c Complication
Zone:18,55-64,0,2013,Measles c Complication
Kamphaeng Phet,55-64,0,2013,Measles c Complication
Nakhon Sawan,55-64,0,2013,Measles c Complication
Phichit,55-64,0,2013,Measles c Complication
Uthai Thani,55-64,0,2013,Measles c Complication
Total,65+,0,2013,Measles c Complication
Central Region,65+,0,2013,Measles c Complication
Zone:0,65+,0,2013,Measles c Complication
Bangkok,65+,0,2013,Measles c Complication
Zone:1,65+,0,2013,Measles c Complication
Nonthaburi,65+,0,2013,Measles c Complication
P.Nakhon S.Ayutthaya,65+,0,2013,Measles c Complication
Pathum Thani,65+,0,2013,Measles c Complication
Saraburi,65+,0,2013,Measles c Complication
Zone:2,65+,0,2013,Measles c Complication
Ang Thong,65+,0,2013,Measles c Complication
Chai Nat,65+,0,2013,Measles c Complication
Lop Buri,65+,0,2013,Measles c Complication
Sing Buri,65+,0,2013,Measles c Complication
Zone:3,65+,0,2013,Measles c Complication
Chachoengsao,65+,0,2013,Measles c Complication
Nakhon Nayok,65+,0,2013,Measles c Complication
Prachin Buri,65+,0,2013,Measles c Complication
Sa Kaeo,65+,0,2013,Measles c Complication
Samut Prakan,65+,0,2013,Measles c Complication
Zone:4,65+,0,2013,Measles c Complication
Kanchanaburi,65+,0,2013,Measles c Complication
Nakhon Pathom,65+,0,2013,Measles c Complication
Ratchaburi,65+,0,2013,Measles c Complication
Suphan Buri,65+,0,2013,Measles c Complication
Zone:5,65+,0,2013,Measles c Complication
Phetchaburi,65+,0,2013,Measles c Complication
Prachuap Khiri Khan,65+,0,2013,Measles c Complication
Samut Sakhon,65+,0,2013,Measles c Complication
Samut Songkhram,65+,0,2013,Measles c Complication
Zone:9,65+,0,2013,Measles c Complication
Chanthaburi,65+,0,2013,Measles c Complication
Chon Buri,65+,0,2013,Measles c Complication
Rayong,65+,0,2013,Measles c Complication
Trat,65+,0,2013,Measles c Complication
South Region,65+,0,2013,Measles c Complication
Zone:6,65+,0,2013,Measles c Complication
Chumphon,65+,0,2013,Measles c Complication
Nakhon Si Thammarat,65+,0,2013,Measles c Complication
Phatthalung,65+,0,2013,Measles c Complication
Surat Thani,65+,0,2013,Measles c Complication
Zone:7,65+,0,2013,Measles c Complication
Krabi,65+,0,2013,Measles c Complication
Phangnga,65+,0,2013,Measles c Complication
Phuket,65+,0,2013,Measles c Complication
Ranong,65+,0,2013,Measles c Complication
Trang,65+,0,2013,Measles c Complication
Zone:8,65+,0,2013,Measles c Complication
Narathiwat,65+,0,2013,Measles c Complication
Pattani,65+,0,2013,Measles c Complication
Satun,65+,0,2013,Measles c Complication
Songkhla,65+,0,2013,Measles c Complication
Reported deaths by province and by age group : Thailand 2556(2013),65+,,2013,Measles c Complication
Reporting Areas,65+,65+,2013,Measles c Complication
Yala,65+,0,2013,Measles c Complication
North-Eastern Region,65+,0,2013,Measles c Complication
Zone:10,65+,0,2013,Measles c Complication
Bungkan,65+,0,2013,Measles c Complication
Loei,65+,0,2013,Measles c Complication
Nong Bua Lam Phu,65+,0,2013,Measles c Complication
Nong Khai,65+,0,2013,Measles c Complication
Udon Thani,65+,0,2013,Measles c Complication
Zone:11,65+,0,2013,Measles c Complication
Mukdahan,65+,0,2013,Measles c Complication
Nakhon Phanom,65+,0,2013,Measles c Complication
Sakon Nakhon,65+,0,2013,Measles c Complication
Zone:12,65+,0,2013,Measles c Complication
Kalasin,65+,0,2013,Measles c Complication
Khon Kaen,65+,0,2013,Measles c Complication
Maha Sarakham,65+,0,2013,Measles c Complication
Roi Et,65+,0,2013,Measles c Complication
Zone:13,65+,0,2013,Measles c Complication
Amnat Charoen,65+,0,2013,Measles c Complication
Si Sa Ket,65+,0,2013,Measles c Complication
Ubon Ratchathani,65+,0,2013,Measles c Complication
Yasothon,65+,0,2013,Measles c Complication
Zone:14,65+,0,2013,Measles c Complication
Buri Ram,65+,0,2013,Measles c Complication
Chaiyaphum,65+,0,2013,Measles c Complication
Nakhon Ratchasima,65+,0,2013,Measles c Complication
Surin,65+,0,2013,Measles c Complication
North Region,65+,0,2013,Measles c Complication
Zone:15,65+,0,2013,Measles c Complication
Chiang Mai,65+,0,2013,Measles c Complication
Lampang,65+,0,2013,Measles c Complication
Lamphun,65+,0,2013,Measles c Complication
Mae Hong Son,65+,0,2013,Measles c Complication
Zone:16,65+,0,2013,Measles c Complication
Chiang Rai,65+,0,2013,Measles c Complication
Nan,65+,0,2013,Measles c Complication
Phayao,65+,0,2013,Measles c Complication
Phrae,65+,0,2013,Measles c Complication
Zone:17,65+,0,2013,Measles c Complication
Phetchabun,65+,0,2013,Measles c Complication
Phitsanulok,65+,0,2013,Measles c Complication
Sukhothai,65+,0,2013,Measles c Complication
Tak,65+,0,2013,Measles c Complication
Uttaradit,65+,0,2013,Measles c Complication
Zone:18,65+,0,2013,Measles c Complication
Kamphaeng Phet,65+,0,2013,Measles c Complication
Nakhon Sawan,65+,0,2013,Measles c Complication
Phichit,65+,0,2013,Measles c Complication
Uthai Thani,65+,0,2013,Measles c Complication
Total,Unknown,0,2013,Measles c Complication
Central Region,Unknown,0,2013,Measles c Complication
Zone:0,Unknown,0,2013,Measles c Complication
Bangkok,Unknown,0,2013,Measles c Complication
Zone:1,Unknown,0,2013,Measles c Complication
Nonthaburi,Unknown,0,2013,Measles c Complication
P.Nakhon S.Ayutthaya,Unknown,0,2013,Measles c Complication
Pathum Thani,Unknown,0,2013,Measles c Complication
Saraburi,Unknown,0,2013,Measles c Complication
Zone:2,Unknown,0,2013,Measles c Complication
Ang Thong,Unknown,0,2013,Measles c Complication
Chai Nat,Unknown,0,2013,Measles c Complication
Lop Buri,Unknown,0,2013,Measles c Complication
Sing Buri,Unknown,0,2013,Measles c Complication
Zone:3,Unknown,0,2013,Measles c Complication
Chachoengsao,Unknown,0,2013,Measles c Complication
Nakhon Nayok,Unknown,0,2013,Measles c Complication
Prachin Buri,Unknown,0,2013,Measles c Complication
Sa Kaeo,Unknown,0,2013,Measles c Complication
Samut Prakan,Unknown,0,2013,Measles c Complication
Zone:4,Unknown,0,2013,Measles c Complication
Kanchanaburi,Unknown,0,2013,Measles c Complication
Nakhon Pathom,Unknown,0,2013,Measles c Complication
Ratchaburi,Unknown,0,2013,Measles c Complication
Suphan Buri,Unknown,0,2013,Measles c Complication
Zone:5,Unknown,0,2013,Measles c Complication
Phetchaburi,Unknown,0,2013,Measles c Complication
Prachuap Khiri Khan,Unknown,0,2013,Measles c Complication
Samut Sakhon,Unknown,0,2013,Measles c Complication
Samut Songkhram,Unknown,0,2013,Measles c Complication
Zone:9,Unknown,0,2013,Measles c Complication
Chanthaburi,Unknown,0,2013,Measles c Complication
Chon Buri,Unknown,0,2013,Measles c Complication
Rayong,Unknown,0,2013,Measles c Complication
Trat,Unknown,0,2013,Measles c Complication
South Region,Unknown,0,2013,Measles c Complication
Zone:6,Unknown,0,2013,Measles c Complication
Chumphon,Unknown,0,2013,Measles c Complication
Nakhon Si Thammarat,Unknown,0,2013,Measles c Complication
Phatthalung,Unknown,0,2013,Measles c Complication
Surat Thani,Unknown,0,2013,Measles c Complication
Zone:7,Unknown,0,2013,Measles c Complication
Krabi,Unknown,0,2013,Measles c Complication
Phangnga,Unknown,0,2013,Measles c Complication
Phuket,Unknown,0,2013,Measles c Complication
Ranong,Unknown,0,2013,Measles c Complication
Trang,Unknown,0,2013,Measles c Complication
Zone:8,Unknown,0,2013,Measles c Complication
Narathiwat,Unknown,0,2013,Measles c Complication
Pattani,Unknown,0,2013,Measles c Complication
Satun,Unknown,0,2013,Measles c Complication
Songkhla,Unknown,0,2013,Measles c Complication
Reported deaths by province and by age group : Thailand 2556(2013),Unknown,,2013,Measles c Complication
Reporting Areas,Unknown,ไม่ทราบ,2013,Measles c Complication
Yala,Unknown,0,2013,Measles c Complication
North-Eastern Region,Unknown,0,2013,Measles c Complication
Zone:10,Unknown,0,2013,Measles c Complication
Bungkan,Unknown,0,2013,Measles c Complication
Loei,Unknown,0,2013,Measles c Complication
Nong Bua Lam Phu,Unknown,0,2013,Measles c Complication
Nong Khai,Unknown,0,2013,Measles c Complication
Udon Thani,Unknown,0,2013,Measles c Complication
Zone:11,Unknown,0,2013,Measles c Complication
Mukdahan,Unknown,0,2013,Measles c Complication
Nakhon Phanom,Unknown,0,2013,Measles c Complication
Sakon Nakhon,Unknown,0,2013,Measles c Complication
Zone:12,Unknown,0,2013,Measles c Complication
Kalasin,Unknown,0,2013,Measles c Complication
Khon Kaen,Unknown,0,2013,Measles c Complication
Maha Sarakham,Unknown,0,2013,Measles c Complication
Roi Et,Unknown,0,2013,Measles c Complication
Zone:13,Unknown,0,2013,Measles c Complication
Amnat Charoen,Unknown,0,2013,Measles c Complication
Si Sa Ket,Unknown,0,2013,Measles c Complication
Ubon Ratchathani,Unknown,0,2013,Measles c Complication
Yasothon,Unknown,0,2013,Measles c Complication
Zone:14,Unknown,0,2013,Measles c Complication
Buri Ram,Unknown,0,2013,Measles c Complication
Chaiyaphum,Unknown,0,2013,Measles c Complication
Nakhon Ratchasima,Unknown,0,2013,Measles c Complication
Surin,Unknown,0,2013,Measles c Complication
North Region,Unknown,0,2013,Measles c Complication
Zone:15,Unknown,0,2013,Measles c Complication
Chiang Mai,Unknown,0,2013,Measles c Complication
Lampang,Unknown,0,2013,Measles c Complication
Lamphun,Unknown,0,2013,Measles c Complication
Mae Hong Son,Unknown,0,2013,Measles c Complication
Zone:16,Unknown,0,2013,Measles c Complication
Chiang Rai,Unknown,0,2013,Measles c Complication
Nan,Unknown,0,2013,Measles c Complication
Phayao,Unknown,0,2013,Measles c Complication
Phrae,Unknown,0,2013,Measles c Complication
Zone:17,Unknown,0,2013,Measles c Complication
Phetchabun,Unknown,0,2013,Measles c Complication
Phitsanulok,Unknown,0,2013,Measles c Complication
Sukhothai,Unknown,0,2013,Measles c Complication
Tak,Unknown,0,2013,Measles c Complication
Uttaradit,Unknown,0,2013,Measles c Complication
Zone:18,Unknown,0,2013,Measles c Complication
Kamphaeng Phet,Unknown,0,2013,Measles c Complication
Nakhon Sawan,Unknown,0,2013,Measles c Complication
Phichit,Unknown,0,2013,Measles c Complication
Uthai Thani,Unknown,0,2013,Measles c Complication
